"iid","departure_date"
"dad26b9ee392cb7197bc7df941b92e2b",2019-01-31
"e122762138e5e1b1c9cd09d1f3935c13",2019-11-30
"bd3276714f5f60d356309f1533a24920",2019-02-28
"e8edf7a19afb5841a8e6997e467dbfbf",2019-05-31
"b0f5468f305c719192575909563e7ea6",2019-11-30
"86d665dc11c92142b46db64260223cbe",2019-07-31
"27766e11287531c9385c79305f13d6ee",2019-11-30
"06494146f3ddf1689a80379437e3e768",2020-04-30
"a062e1102c9a3ab6c0e162c3e67fa1aa",2019-09-30
"6ef118c83410e340719ac4d2c6254358",2019-06-30
"471c08640258fb1ff207844cee1e586d",2019-07-31
"0e8d68cd73c293a8eeb25582c0fdc74a",2020-05-31
"6e978a5f5d6a74310c8e729c089aa80b",2020-05-31
"50e51942389e4628cf8a840b26f5f712",2019-09-30
"e2054625c38d42ae820ab5e3ee08273a",2020-10-31
"00b302fe3a99951bee9f000cc0204adb",2020-09-30
"f8058a477a0247ffe395705d306a31a8",2019-07-31
"d4e99c7206b9cf031bd5c6c3286d0d94",2019-07-31
"8170a02ff91942c3711b4f519322f1dc",2019-03-31
"650610f17480bb48833ee56930051a6e",2020-10-31
"6c95af8c1d249f5706af2ba64753f013",2019-03-31
"a7d80f56d4c852720b09cb23b375eebd",2020-07-31
"c376c62990d8b56c77844f5369f700fe",2019-11-30
"8485b81d568eaccb0e96c7e717a63167",2019-12-31
"ff1422f9472a20fdb9954792bdd936f1",2019-03-31
"9218e7cd990ee5081b714b2880a83d10",2019-08-31
"d81236a760fc0d5df3ec349b2f3652e5",2019-05-31
"4d49cf46c067f4ed0737572f3b3a9b44",2019-09-30
"5305b408ff3b579153f8a5bf42fa0f98",2020-11-30
"2e42f5f1f993163e535c48afedeb224e",2019-05-31
"7d3061234fdc11bc3ee6112edba8043c",2019-07-31
"45fb7962d3a6501fc7abf3df5f5368a8",2019-06-30
"a6a9a5706c46d1a42fe5d8d3a2eb2a42",2020-05-31
"9f81c1c14c27e6687c7078e88c39d693",2020-10-31
"4a320244b55b8f11e636d1b70e53a018",2019-08-31
"ca16d44dc686edaa260a4c92c987299a",2019-09-30
"2b9566fdf1fa62fc41e7d96c290f12ce",2020-01-31
"19079eeb831e93de98dcbae52de3c2f3",2020-08-31
"7832cbce5fbf8dfe1de33f1b20a6d8a3",2019-07-31
"6f21fa8601165182ba95378c375e4d6f",2020-03-31
"77814cc5095847378f66cd7ba5d58bb0",2020-11-30
"a8b763f485d4a1815e2e98f9f265a213",2020-10-31
"a754f73c0bbc80248c72df702c86900d",2020-12-31
"9ac132f889ac43297b1e04ee1433d195",2020-05-31
"9d968e7256c658e385c2ed65c3f36d11",2019-10-31
"62ea37f118291c99dc79cf9d3fe371ba",2019-07-31
"bbe2323159ebca36dd40f545b07e2714",2020-01-31
"e8717ba0f730cf598d815d057dd6b043",2020-07-31
"0ad97bbb6a3e7e1e280f7f3ca9c748cd",2020-06-30
"c7ef1c6004be0b130de2ad6c2ddc1aba",2020-11-30
"79fe6e2ad1215a44908dc545f2da68f5",2019-10-31
"38a192b1d3fd88c175b664660399d9a4",2020-11-30
"e434bf4c3c4c8f5e403a83688cdb5f57",2020-06-30
"a173b9bc8c6fc3a30e52edb1e153678b",2020-01-31
"4a68dc2d1ee230dd7780fbc58e6e9327",2020-11-30
"d84f9498134953af90cb78cebb17e891",2020-06-30
"989af00972ba5ed0af73c170a7206780",2019-11-30
"6623874c340c38876875275e972b579d",2019-03-31
"271843ef32021753d386263beaa54a9d",2020-09-30
"99e4d505d92bd0bb5b86e9ab5e63623d",2020-03-31
"c1118d8c9c66d1deb14cd0ba2f970b1c",2019-10-31
"ee26a25165c614b54044669f96e54816",2020-05-31
"5e333ba73286c0e2a75090eb2b430e28",2019-05-31
"4ecf015fbab3ec8cc30cab535a913e4e",2019-08-31
"853ceded07c1a3b883ba82cc9e890e22",2020-08-31
"4aad24d1319f2aa788dc9153364a960c",2019-08-31
"7ea458facf955bdfccb1f1d29f7f69f0",2019-11-30
"43c5a9bf0c2b07478ace7afffa842af6",2020-04-30
"63b3fc80a81c100a585772c576aab3d6",2019-05-31
"292aec182d13ef39dbe377b37497c785",2020-02-29
"860d819261da742c888b3d1694f71850",2020-05-31
"a4492f1ecf454bf171ba342a23ba92e5",2020-01-31
"3a4f0126fb934a10e7a584556b725725",2020-11-30
"a0b9cdce3f0ebd0fc0832f03ee66e81f",2019-03-31
"59bfb1c6c1b8a87ce654ff7bba225981",2019-04-30
"b98d9a1dbcdf203da49ad512ed3e1bc6",2020-07-31
"797f3e9b82d1d8cc7df73692cf2ad6cd",2020-12-31
"000f283ae687d31152703a54636492cc",2019-05-31
"109e8043b78e5217c8c4c57346534c6c",2020-04-30
"a8a603207a94ca18d4d3e590478e3be3",2020-05-31
"7b3b00348264c189d0619f00e603b891",2020-06-30
"7c99e5bcb56decd53169e75918527275",2020-03-31
"42db4d0b0dc023bd31c4e95af63b03d5",2019-09-30
"7df491f8b2fd58728de9bcac4cf14526",2019-12-31
"c30180a20431bd512ca5b641eee413f7",2020-11-30
"97f92a8acc5e81bae1d03903853c945c",2019-07-31
"743fa4a070647b249ae8b80f82379a97",2020-09-30
"54deb292d97928c7f6317391ddaebdaa",2020-06-30
"3d1324a42875bbb974c96795e9597d8b",2019-07-31
"b586d857ad1a50aa9a05e6921abd6969",2019-07-31
"743041dc2ff3483660c09f3bcc2d8590",2020-05-31
"5c31f3e6465eba3139e55c851131b7f6",2020-06-30
"1701afa401ac7b6a3f1556ec03b103b4",2020-09-30
"54a5ae2bac30d56fd23468417b58d5d1",2020-01-31
"183a939af445aedb1fac4ae17ec70426",2019-06-30
"f292ea088b5da2f2f084ce17f9e9edf2",2020-03-31
"99e50dbad96215fa7040e94a45ee3ecd",2019-12-31
"588f39fb9dd2c7f6094d1af2fc8de87c",2019-09-30
"486d93410c7e2e78c4360eb3aa3db59a",2020-03-31
"d53f64adec1f2cbb10ebff1fa3f30011",2019-08-31
"08cb6ce1b6e9cb9975bb40867360f5ff",2019-07-31
"d961974046313c19fcba7ca1cda89080",2020-05-31
"d5ec4595dd3ca91101f6fa5c207db156",2020-04-30
"0f083f7b7ec09bc23dc33bea48691b67",2019-11-30
"98c1f7aa059b6a20b0596f78cb8d4f40",2019-11-30
"a4c495b4ae9161c31d5e0979b0f6691b",2019-12-31
"908a2f57f16ec82811102222f6670d31",2019-09-30
"270eb1b3e8143e1e3fe85fa2fb073602",2020-04-30
"fa567358843e439e003500de333a25a2",2019-09-30
"8086b2a3691b5f7d6010a4cff15ca684",2019-08-31
"1517c2d49e0af4f7510622fcb6119547",2020-03-31
"72109fe87b99e303d215e87c3d6c3271",2020-02-29
"eef6ffa7669a0f9f93254251a25ff531",2019-07-31
"5acf3e079ad24e63d0a8b34114c15b80",2019-08-31
"5ea601ce573d85f43252dd68810001d7",2019-11-30
"80afa79dd40751af59634c379cadf082",2019-07-31
"7bca36eafc9ad875b2d7a499d09e2637",2020-09-30
"5baf27b7e4bd54da441405b4206d8ec7",2020-12-31
"7a200dd9eee85890916ee8ee1ad66940",2020-11-30
"f9e8aa086bb623d6696f2c6b7f3916e9",2019-10-31
"af187b61e7f5ca7c1fdbc1b191dfad5c",2019-07-31
"092ccfd329c0a7baa8c3e98abdfc77b0",2020-09-30
"2af50f2ef27c9115647d0244ea7546f1",2020-10-31
"192fa142d8a965f1da41f3f7b33cdff5",2019-10-31
"3b9fb6353ddf2f9f83f250e9d139c737",2019-11-30
"f7fce07d26a6ed7526ee094974174a87",2019-08-31
"56cf2c6f53b625e5342d859c0746d44e",2019-11-30
"ef6f92f93470199a0f3409d496759542",2019-05-31
"ac45b2fffdb985900fd065002822581b",2020-08-31
"6fa98a2c62dc4d136532246a66b47a88",2020-01-31
"2d6afeae312c2c8fcaf351e83724e5dd",2020-11-30
"1a7a8796398349b05adff6a8ef7e7ee5",2019-11-30
"ae415560a157fa4a94928dd18e78107c",2020-03-31
"153291b11d2f7611cf3f927103da863b",2019-06-30
"43a08f46a5f619ff4519afa44845ab96",2020-10-31
"1d51e56ea35edb853e97798a0fe270c9",2020-06-30
"3dadb867618a78c502e9b0db7ef2fab8",2019-03-31
"6e33119512636891ed3ddc3994158344",2020-01-31
"b1194427af13a6e3f6b1e7e7c4b36a35",2020-03-31
"9a105445074ee5172c1f737b1eaa6641",2020-05-31
"c3ed41ac0d4bb2c1e470192a3634e587",2019-09-30
"a7d9d66bb97816b58a2e9a3bbbed458b",2020-05-31
"7ed5a155700ba63e81c0d95c3503d45b",2020-06-30
"51ba737f94ba08121959094fca953f3f",2020-04-30
"eb43fc48469465c08a58ef9db57d1095",2020-10-31
"543e9803082b7c21ffd5bc44363cb73a",2020-07-31
"a8b412474e64b77fe7a31f5fccd3b395",2019-07-31
"400d9a9cc01a99c0f905658c3f3a89c2",2020-10-31
"290876dbb8d9ebb7f03b30ea04d812b3",2020-02-29
"cfd2f2998d22dbd4bc66e702dd0d5a10",2019-05-31
"755738356f561c602e8a82863fdf41fa",2020-01-31
"38edcf252af82aa2d82d24ec93c730fe",2020-01-31
"c087d5fede7d96d6987a9f081c36cc46",2020-09-30
"ff41cdebaa465a3f839a98629d97d929",2019-07-31
"5a1212d7f680bbc4b0411caff74d0c70",2020-08-31
"b60e485a85fa7a4a9446de64d1ac854b",2020-03-31
"f14f5c51dd4cc5786851f43f433ffa16",2020-03-31
"e740a0a45211fc9beca80b3b2306b96b",2019-05-31
"2038afc769ccc682ebdac27a128bbfa3",2020-05-31
"506a44eaa208eb48d8418a81e4a8867a",2019-02-28
"6b354dd81139a86325aabbf0209df9d0",2020-01-31
"ff45ba84aa7223ec6880f00d53b08237",2019-04-30
"1dc83058fabc3db55f0b21e564a975a6",2019-11-30
"ac444f9bf7ffe0958b830ab556261bfb",2020-10-31
"8db46fa721bfeb55420103c159036a4c",2020-12-31
"094ef305f0a2adbe999067ded6e3ff36",2020-02-29
"b897912f6287d6fb0b9c6b69aeb4818e",2020-07-31
"3e7020d60f0ece8b248e913c17f4c319",2019-12-31
"dd92116a2d2d0de4bb714941909db9f7",2019-06-30
"169929643efcf672339a06872c98cc74",2019-11-30
"ef631fb60f5f9b9405efcb0b5b8f66db",2020-07-31
"3b85b358d9690232489c60b5853ed070",2020-03-31
"47df655b412cfe1aec5ac267c1d63aa7",2020-04-30
"41e5fe34420f95450c1632339d04454e",2020-04-30
"ecfc97df7f3554b710de55f63f72c44f",2019-07-31
"66461a6a9e4aafcf17466222ab2486f7",2020-03-31
"0cde8ff840c27affa701abba66103116",2020-01-31
"e7bb50d54d79fa848f80950cc17ef300",2019-04-30
"71f4195ebbc55fdfdb3a96478c106675",2020-03-31
"d85f0cff1aa5cb6f4614fb1f42a8a953",2019-11-30
"645cd78de3c739bf0cdb2c020120afe7",2020-04-30
"b1c6d5791b36248c7ea6f2720c6bf151",2019-11-30
"2a45263593f8d63cb8659f1729efdd12",2019-11-30
"d887731bcef8bea56d4c8645e5dd12fc",2020-04-30
"ecfd9ee70cd247d65832e3bfb2cfeb26",2019-07-31
"6abcfc14c0348c2ac2a33836f685286e",2019-05-31
"c603672e7c7af07fcf327a7f997b6958",2020-11-30
"723880c6fb426c115456c1017dd72066",2020-02-29
"d6879f3c704a2e9b9e80b1f99eeedefe",2020-03-31
"a02e0ff08c6495bf02979c999c41da4d",2020-05-31
"d486170bb823db5f79e2aa3f28fb2baa",2019-08-31
"a0246a3175ba71f336bdc8585630d89e",2020-05-31
"6dddecd9c6360a0cea7fc90790dbc1b7",2019-09-30
"08399c3661cde9689a37d08afb368045",2019-03-31
"fdb9ca3e6f273cb18769c095b9ec4f62",2019-10-31
"65dbd4f05a433855e692f4d08e055580",2020-10-31
"9b715777f2ff3db707e63ea68fb4f1f3",2019-09-30
"09f47a33b5372350abb47c75fe36bd1e",2020-09-30
"d17aec2600ba14c1a9ac336f5823ba77",2019-06-30
"55ce5e42eb8ea52616733a82e896aa89",2019-11-30
"e39369091acf83e0a4adcddd73fec64b",2019-08-31
"78e20acbf6252342e27ea1f6ee858537",2020-07-31
"5a19849418248369e92cdbcaca63dda5",2020-04-30
"cb2bcd9eed937d2c56c6bd54f23d61c5",2019-05-31
"71870c56b299db6e28a86314edf93941",2019-07-31
"a09770ff7f3b2ff463ec688b9b3ee278",2019-12-31
"62ae55d1cb56c2fe85590d0a4ee122e7",2020-01-31
"2a73c333616cf981a238c918aba7053a",2019-11-30
"bd37928ae912d29a1c324f3de5987947",2020-04-30
"11b5648f106cdb8dde40e304555e3fea",2020-05-31
"41948ff68b54a298bd31b2b868acae0e",2020-05-31
"b2962a25b34b411f42f675270f365168",2020-02-29
"11f6485dcc37456c0c4a47f8ae9ae77a",2020-04-30
"9d6c9ba5974e03b6b5ddc1aa234a1a4c",2020-10-31
"1a3739250c7b9672fc92ce376b6b7ebd",2019-07-31
"3f3a7d16c8c95b7dfa63c529729a23e3",2019-08-31
"f6c27bf56fb1d7470b36a7621e3b6bbd",2019-11-30
"da0b1a174df8e059433bbdd015c8a8e8",2020-05-31
"67d8bae0cc301088b62742b2cdc5eece",2019-09-30
"aad3006de9c7af5638443646d5fa9812",2020-09-30
"a99214865927c02a4bb2b7b627e14ecf",2019-11-30
"6288d11ddde3fcabb4962ce41746d87e",2020-01-31
"41a48b11b7be6ddae6e56fcf5063d730",2019-12-31
"a14ca4e9c10868a1876d60e810d4944e",2020-04-30
"82fc371ab9bc0f3201def918e5984281",2019-09-30
"54de3978355645cae4c384f9220855a7",2019-12-31
"9e1786595c1ed275c0cb28952418402a",2020-10-31
"00be79896bed1f2f362003bb2678f9df",2020-05-31
"36a5706baf4f1f21789557d8ae172db2",2019-09-30
"63995847da9cfd351d7795e4385cc212",2020-09-30
"98a5b7ef94247a57e421c13293ea4072",2019-04-30
"50669d9ed0b1fa8684c4ade57d61775f",2019-11-30
"a3e7db4bc6e5a12a94968c1f78582b31",2020-01-31
"e25934731dc88c04382d8155d0fc56aa",2019-09-30
"b4c983fadeb85f16947f60a82cedbfa5",2020-05-31
"c7bc0266c03ab32c33326ac9c98a7824",2019-06-30
"2710c0a0c8d4321c8801e505aa57a0b0",2019-05-31
"2ce21421d65dd0e796cedc77fd42c01f",2020-09-30
"88ecc0d2d768f71a4642a0df48eb4eb7",2019-12-31
"6ad943a87e38d3462127f96371c2dd63",2020-05-31
"8371841a286baef11a49b487a04397ef",2019-12-31
"eb185e371befcc44ad291d27b1458fe5",2020-11-30
"1f283ba5ac2898d15f4d4a2963405b8e",2020-03-31
"e139af90239cb6980219c2af308db011",2019-11-30
"b36ab09e2738619ae16bb5770219efab",2019-12-31
"5ed2b5f8430476f7506988d682e00233",2019-07-31
"eeb6675f83254d22340c5601c2563e7f",2020-07-31
"d38b6b8141114b98871cc8ed471660de",2019-06-30
"c8d2a3debfdcdbfb389535201a5a7ec5",2019-09-30
"10039c86ed3e8ee80860de8085cd9f74",2020-02-29
"5c695c1f0f2cbd41cfc8acc848d2112f",2020-12-31
"6ca6444495fb7fb7e6c239e25519f618",2019-09-30
"050cce95b7d95ea596a52a645afe1130",2020-01-31
"d4fba9a9947a0e4e5a01ad7be83f4927",2020-11-30
"ec5d7a6e96917b9c749de57beacd5dbc",2019-07-31
"a26ec0f37a60234c51b7eba9f3b6bfdd",2020-11-30
"c02894e9be50fb9b8a83b020699c28c1",2019-09-30
"6d04638898863bdf40dfa06ddfa05496",2019-09-30
"8adb509b8df08a2656ff19a967c119c7",2019-11-30
"92a73a0b75a33f2823f81443a0d71a46",2020-01-31
"839bf5985d252cfd037138fcb04cdd98",2020-09-30
"b8fa4323c9a9986322426a645597c001",2020-01-31
"d9c0e249fff824378c2c5a86bf0b52c4",2019-12-31
"b7bf5f6920bcc3906b88f256b8d56905",2019-01-31
"e799123472a65e3bc7e61e4a053112b5",2019-06-30
"828e33a33865ead944d880430abc7531",2019-07-31
"1531195a9edabbb3ffbf0715f20d7b6d",2020-04-30
"cf29c27bf960f277f7441c2598c67c6e",2019-04-30
"efe455b3c605ef14ab02d6dce594064c",2020-07-31
"35c0d6cef858d5644a489d7cf16c4c05",2020-12-31
"84936541d2b5c51bc9d67860648e243a",2020-01-31
"37a7675aa6d0d4be759d8c5ff96db27a",2020-11-30
"29ed93b63d4c08863fc7b02a7643247d",2020-10-31
"f3f5a455e47edc7ac731b7eb2e0e10e2",2020-05-31
"4dfa1161f4a2d70c6cba95f62894f295",2020-03-31
"ffd97b6a6c3a7bb9f065131340dcd225",2020-12-31
"a5cd5bcd8c0fbedc5ea6e403a26769a5",2020-03-31
"eba157d3d0e605199f44d19d4264a639",2020-10-31
"40525485e9bcb282ee8cdb5b5caf0f24",2020-09-30
"4884eaf3b32b6b5e9dc61c3956136614",2020-10-31
"f7d299edb0dd72b2ac426e306bf1d266",2019-03-31
"817614393dc5334f844cf0a614be3b9c",2020-06-30
"bc9ec4b9dfa6d0e403b60ab88a2900a8",2020-08-31
"d6d598c7b3497dda1bc68af7dbc41636",2019-03-31
"12e436dcff797fd53bdb0fd12b5fc078",2019-04-30
"7b5f880c72505378a02cf957240ad8f5",2020-06-30
"087f4404e4f8099856cbabe7fe61eed7",2020-09-30
"a0e5bea6884a2230f3fc6b67ac9345eb",2020-04-30
"ed89d84c5c01828fa53be288b9d3f2f2",2019-09-30
"92e903fd53aa9f2961a0b8342a8eeae4",2020-03-31
"a3b3649429a6e9fe54517226b5bfb50f",2020-07-31
"4195648a865d86e0ce79031ddba7d62f",2020-05-31
"4be6ebec4f315572c214210a82714617",2020-04-30
"bf2c63bbe01aff68986eedfec457d740",2019-11-30
"81d16862af93dd22af98b2246e00f74a",2020-10-31
"bdf425e944a4edbba1bb053368169920",2020-09-30
"b966612bfb5a039b41a7d33136973ab3",2019-04-30
"966adf4f7a42a5e53a68b17b5f5137d6",2019-11-30
"d8bf5363ee1b266250c0e5055979e546",2019-07-31
"ae5f27bac705a9f37bb243706f585856",2020-08-31
"4d6688f7b1fa7c10732fef43996fbce4",2020-05-31
"d3ab074fcd84fe45b719a4eac17310d7",2019-07-31
"0054fb8b04c051a471f1528d80883653",2020-03-31
"ba42d0863d1b5faa11fcc20244c63dfd",2019-11-30
"811866fbe1df9497720e612e6ad228ca",2019-09-30
"97d00c29b3d20f13ea1bd67868ba86a7",2020-10-31
"ec8c7ee361bc2e1bee3de55092e3a9e9",2020-07-31
"007fbe2227f78787c8e8bd6dc8eb7e9d",2020-05-31
"47792d2c1d1bb60de5a2e85fe1c86156",2020-04-30
"050e5336f9ea78e8c8ab5230d7c473cb",2020-03-31
"a4cc0b5da815da271b15222284f7acf1",2020-07-31
"a905990bbcfd9dd870b3abf23c2184d2",2020-07-31
"678923730e8a96a2b1b1cfb7deaaae9d",2019-06-30
"b9b4081d9ed951ea5be38609550e8290",2020-03-31
"0cba0ce369e2a7c9c1335a987f94cbea",2019-03-31
"748b323e348b2d6e688c0e1eb506fd13",2020-11-30
"710908464b3cc919047caf4435bb291d",2020-02-29
"629d08a22476eb770378a3aa8c2e6d4d",2020-01-31
"9f7cc2cd0d412c0794af2d16ab8f5f98",2019-04-30
"f3d989fd657dec5807fc0206368453e0",2019-07-31
"f31df3624f701276ade128b377e6605a",2020-07-31
"bb9afdd070f6489cc6aa88318eca1b2b",2020-02-29
"bf6e05d5589138681c674c428da109b9",2019-09-30
"fcb42a3a03065050fdc68d8682e97595",2019-11-30
"ba42ad2999242ec995e92fa031b6193e",2019-12-31
"d4a7cf55eb2d2e61540e13a33eef2daf",2020-07-31
"cd4300517c80f7285a09669e92cb72ae",2020-11-30
"4b33a6dddf668b6eddf986d55430c9ee",2020-04-30
"3132a8f4e9e778dde7bd5333e2db92b3",2019-06-30
"2000ab66a72e277ba14413003aae2a54",2019-09-30
"f5a5ca8b06b9764184788b4d0d0ade09",2020-10-31
"19bafcacb3989184ddec5afb3aa4479d",2019-08-31
"b7b699dd2066de1f8ac894bd3423a51d",2020-01-31
"94501bbc2dbeebce6bfc3fe85d346873",2020-01-31
"95e298a3130cb1a5823381f2f65fb5f0",2020-11-30
"30433034bd6199a8e9ace8fc55b7f8c8",2019-09-30
"401d8ff1aa1f083b9d643c051aa7bd24",2019-06-30
"4070d2073de79a8549a3bc3436a413e7",2020-07-31
"e41e9a385c69c67ec1580827086f556e",2020-10-31
"36b556fa9c2ac6fe1f66f787cbd28a91",2020-03-31
"69c7afba5073e0fc704cfecacc522946",2019-06-30
"8d2aa548a870709e22da19557cf75d7a",2020-05-31
"e4aa1ec4a785b45637e32744bf3ed7d8",2019-05-31
"6e48de9f0c297cce1ff28f8b50289d41",2019-05-31
"9ab6a448820f25dd3bd0ad2f66f1476f",2019-10-31
"c7385e12e41e38858adabcec9bc28178",2019-12-31
"42a08d8772e52a543573f1f67ee93e83",2020-03-31
"094a5a30f0cad1b9cc9f657727419136",2019-12-31
"2c3092a9afdaa7f6eae49ac16b3f5536",2019-07-31
"f69f37017cbaf039946997c98fb5735b",2020-09-30
"478bb3afb137f68ffeb4e866466dd412",2020-04-30
"a63c243759fd40737a40845b6445f081",2020-03-31
"004252289b2201ded55788630b55d326",2020-11-30
"73c9a1c1e3bd297e86e260271a83cbcc",2020-03-31
"eed0f2edc592b5689081eb57670ef514",2019-07-31
"31dc30216a1912cbd87ddcdc1f8cde90",2019-05-31
"d70130af90eb90be89d9380b62d82f01",2020-07-31
"951c89ef49430963814027643c15f0af",2020-05-31
"f843b0e460b825f88ac719b1c5e9eb5c",2020-06-30
"bed242574f0267ffc316f6378db1b41b",2020-09-30
"7d69b8e29cf89e805b241b289a1fc109",2019-10-31
"0c10e72f6404442fe14bcfca8e487019",2019-04-30
"af22dbbebf21a97f61a8846559fd2df7",2019-11-30
"122173e8c5a719d0cf828853909d5519",2019-11-30
"68a3a6e3a4feb34dd8bd09984d5592d4",2020-06-30
"8982c6dcc4694f14e1eb91f0b7c85df6",2020-10-31
"eb37eb398e43156df4ab7b24e73ffbeb",2020-03-31
"f0912d348c7c111c2c9c20779a1aa4d7",2020-07-31
"382567f60e10190adf2326d83b593453",2020-02-29
"8b841a04442b2a64014eac94ec3d300d",2020-06-30
"f4df17059df04c1f8676006f58038fbb",2019-11-30
"1b5db0b8a8fe1ec82432f0a8faec1e10",2019-04-30
"388c2089e71a54814525b91db698a2ef",2019-06-30
"ce96fe706cec8cccd18e7204a2d5dd75",2020-01-31
"11c387fcffce5ac72b391bf7c3db9aec",2019-03-31
"55e425d68146832904f36cbc670b9465",2020-02-29
"8c850e1bcbe45cc9a24afa0409392416",2020-01-31
"9dcddb29d7cbf063dfc286941f6fca45",2020-03-31
"ba01dee1c1e167ee0d92750814d2d21b",2019-05-31
"3bde0ec67199785ffe2404381842612a",2019-12-31
"9afeaa081905f6e0f077ab18a58d90f7",2019-07-31
"f28a90f6b12411c68f5fb13c8d748da9",2020-01-31
"7e16da0cc6a1c4c888b97a555e0757d1",2019-07-31
"93b218f10e6c1e82aa24c8798b74230a",2020-02-29
"80ee937c0ce0b7384a735662a336b164",2019-07-31
"0d3fc92dc6b67548a2ccc986bef97d1c",2020-08-31
"7e1a7fb2fa6f1e8b5197892487a6a664",2019-09-30
"5eab44e816fe04a6d979fd4ee4441692",2019-09-30
"c9c6e7b13bb54a2499a360dcf3e7cce3",2020-05-31
"3794ee7a3aaf2b3dd6c0198fe6103950",2019-09-30
"23c18c76389b8d73629040d470449ba6",2020-12-31
"65cf4d4506683f68f0757aa1e80217ce",2019-05-31
"4dc2d0dcc94126217932bf6e3e3df9a6",2019-12-31
"7a7dc90bf866b8e5228235353b61ef9d",2020-04-30
"5dfd8a39360bbdb83009da5a37a3b558",2019-05-31
"23742ff1441d19f6dc038222f76546ce",2020-05-31
"3e89eea5e14a20701c894133a41840ba",2020-05-31
"f2cb71ee457fb0695beb3f2dc2b7f00c",2020-03-31
"ae4f4469a6790f27acb2863fd200ea02",2020-03-31
"b5277d5339b8d73578f563c985ff81ab",2020-03-31
"88c08ecc2f587b3b6c17a7416fd59351",2019-05-31
"22300e74f653f8b32c785405e6597055",2019-05-31
"105d62311b9949a9eaf8e748ab57d0c5",2019-12-31
"287c8fdbcc54ec6965e803df79140f6a",2020-07-31
"2385334b76bb84a0f8c736c70fc97b34",2020-03-31
"bea45e3faa8b54d7a8bb28825ed000f4",2020-09-30
"85fd6907086fe9eabe2e4ffbdb0292ed",2019-09-30
"d2372b8d4353c86f76a236c632a1cf57",2020-07-31
"7b170ef46f3be8407cb32114d2211e0b",2020-01-31
"6179759bde83543489b5da8f87747d88",2019-12-31
"1a9389fc627c9418008acc1c1fde96c5",2020-05-31
"0709a039cfaa7d763b5194c6b626bde6",2019-07-31
"f73772991f3a6c1c086cfa5c39ebd3e9",2020-06-30
"1769fcf7cfe4a4bf235b5114661dccb4",2020-11-30
"12e5bec347a2f0bf1b84ede0191afd9f",2020-04-30
"9a592da368e9be54ef453857dd443019",2019-12-31
"7eb7f71c77e5e82d7e33ab38fa4a2e6f",2019-09-30
"80e42dd65af0f4b19065a7ca7b5608b0",2020-01-31
"a9f408ce99ea974ac12fe51c230e32b5",2020-12-31
"6508947960f737463001be977a5c0268",2020-07-31
"1787e8bab6b762c73f1d43405687a363",2019-03-31
"636dcd8b9449a87918f8764c2c5fc664",2020-05-31
"8ba072ec851fdc2e4fd12b1069f14483",2020-08-31
"54d20a2a0a581c1dc034fe1df0625b70",2020-05-31
"cd589f3a26f5dfd64a2ad1e9a6987189",2019-05-31
"0e5c61a1d77fea5fca683308a67d04dd",2020-06-30
"6a406da0527ea36d210ceba5ee87bcb8",2019-06-30
"86ce77fe6d41fb4cf07556be3197dae2",2020-11-30
"6139e3bf79bc580ce33242d67d3e1b43",2020-05-31
"3296469a18647fbd365422febcab415e",2019-08-31
"6c8425a2d6e3f6f54fe771d1670badea",2020-04-30
"854b345483489258c527932667387888",2020-01-31
"f76855d7d40b27faba93e548eb5defb3",2020-02-29
"03971e1e7ab906aecafa1441663bf818",2019-07-31
"0387f73bbebcde2c58a699f555a84267",2020-03-31
"b750d00bd72190c7c5285c0a3c113864",2020-12-31
"47b4b9d5eb434490ba6d63d15d88c94d",2020-01-31
"96440f1ff6f7fc6838f7eeaff8ec5d1e",2020-03-31
"21a00c4cff2ea490c604efc694639dee",2019-07-31
"db044412494d08f492e0104895f4e5d2",2020-03-31
"2b41e35e729e8e3433d6c9e97612c328",2020-08-31
"2d20a9eee677476e20ac7edd248719f6",2019-09-30
"aab68d33cdedaae4732363d53812ae0d",2020-01-31
"2ff49d79cddc0cbf6e386dbf2c0e1e00",2020-05-31
"968e01e0740f748dd970bd16794c144a",2020-03-31
"8ecf29ab39ec3d115b375c41a69de223",2020-11-30
"a7bd103fa48b7001381c11a46e375256",2019-07-31
"4b01c7a734c5eab338516f38c4ac2947",2019-07-31
"e4cd98e549545ac8b1612a548bf39365",2020-09-30
"83866e91b54ebf1e4d4d0d3c77538797",2020-04-30
"37126a5f13f131b105727f87c97f6090",2019-05-31
"976bf66c1345c5f526636f70af41cccf",2020-04-30
"699cd30b7bf011b19577c84077dce2a0",2020-09-30
"d913e7199014a363b9b19feee84bc12a",2020-05-31
"7c8277d55ad0ba8b0db6bba830c88a82",2020-04-30
"3bc9e04a2a3f03f6929cb9edd00367b3",2019-12-31
"ed118dd6e12c8fdf3bbb94d035c18a77",2020-01-31
"bd3838d0a3c8015918f89e9172b09d0c",2020-04-30
"78ea04352fc9778d6cb299227fcd0228",2019-07-31
"a7d966d941aa58d17ecfed35ca3c3a2b",2020-03-31
"c3b049bdeea86265c8aa28968d51b3b4",2019-09-30
"e6ee23670dfdd03867f2f8d88a8bfa54",2020-01-31
"776a53cbba9c42ea2fc5aa1e5d5564a3",2019-12-31
"83082bff6b9c16c41ed99f1bac0d248b",2019-06-30
"b92f95b43f77db412beaa26d75267d62",2020-07-31
"de91795c400657f2db6d5d0b71387a2f",2019-04-30
"253b33f5ef34295a95e6727dc623221e",2019-09-30
"2d02e6168644f56d2d86273234f188dc",2019-05-31
"776d110c0f2974f58d77875dc053b344",2019-08-31
"f5241ed50a5b81106bac2a0688a0a037",2020-11-30
"bdff26d038b92d20f375c0af19941c7d",2020-07-31
"2f2736712a1f2079000049c29bc400a4",2019-04-30
"68cc9023e728a63ca9e617adb8beb1cb",2019-07-31
"f0638dde2ca02858c3f32c832b9429f3",2019-06-30
"fbeeee6ab426da057514d2835ba3f646",2020-01-31
"28b60aefc91b3c58a6e9553ab79b5b67",2019-11-30
"87bce33e8acaf57b8138cd3350c7aee3",2020-08-31
"8577259305693ace74033b7a8fcaed52",2020-09-30
"90f71dc0a4137814db8d620d82e607b8",2019-09-30
"a6c50ccee2bc5877178e5a0950574b65",2019-07-31
"6d79200b3353d6c972550f1bcd796fa5",2019-05-31
"3d4ebd7099e6ac3ec5351dc63f0c9e97",2020-09-30
"d6b8b323bb0718a2960f62eca2376a72",2020-05-31
"618fe0dfcaafa0cb58d84c3c0fb480d5",2020-02-29
"038a43affdf64d56f4df2e70c0e02c92",2019-03-31
"2dc435f8fb6b7303cc437021b3bc3c85",2020-09-30
"a678afc63121bfc4dbdc06d25df24ea8",2019-07-31
"b21cf375534111f0a5c95f10bba7f39d",2020-02-29
"bc781536232200711adf3665b6186451",2019-04-30
"770f206cd560d7dad4c632462bc0ab20",2019-11-30
"6c71ef40f0f563d6a11c4988e949160c",2019-04-30
"4008ebe67b021db6f19341a0998af22e",2019-09-30
"99710630786471d8bc165b1ad2da5fa6",2020-05-31
"4f4d9d2105928e65d496ad19a46918bb",2020-09-30
"10f31f88b9ecaf1114c39982f24f0f49",2019-03-31
"f972d4690b63da701ce3a84ab20c241e",2019-08-31
"0d85f93c73177a4b5d34eddf0dc6fdbc",2020-01-31
"9cb8de06410fb151c0c7fc13ed5bd556",2019-05-31
"ef024330220ac6ecc3149f956dbf6ab8",2019-01-31
"079638393866502645111b78ef0a7c1e",2019-10-31
"1d3bc013ae5fcdeeb6e2d7680ae2678f",2020-09-30
"6ff1f051b85428651069b09e0bc5f8f5",2019-07-31
"e06b0ef96d5fda8c05fa042bd5e00abd",2019-03-31
"f7abef39b2849c7947bc49407d3e72b8",2020-01-31
"2a0744d75585dc4268584cc236584fdb",2020-07-31
"7f71d35b793860ebc60301872e8f8e8d",2020-07-31
"b1b6e2b663bebdf86472d5bc4ea41569",2019-04-30
"f8139e014a48d38238202b0ea3d84343",2020-12-31
"d12a106369c4390a2e7faecf81f6fa06",2020-07-31
"9c2d6185bd6a8e20b04c0019bee9f31e",2019-08-31
"27238e42c54868db78fcd8cb8c16c2a6",2020-09-30
"73cccd6da488c431645c6286eb948ebb",2019-09-30
"c77fe34d0089215ef44ad88c0da3a62e",2019-08-31
"2206c254d5343db146c7d4f1c27f90d8",2020-11-30
"7c05e2f04458f1526525a0c505a43418",2020-06-30
"a6a82448c924bb245fa3b18d9c2a643c",2020-01-31
"b1a232e5572f6ea6ef44e59738fb70e1",2020-05-31
"6d8fbd6d0b9fb06999b9dc89376c765e",2020-03-31
"4a55a18844e871f97cca78067df78418",2020-01-31
"dba41bfe2c19b81a7fff59deb12bad65",2020-02-29
"dd74993a6d53da959c375140924cc55e",2019-05-31
"a864947576f44c1b94602e47034a168f",2020-07-31
"ad9875b01c130022429ebd6bb19ece3d",2019-07-31
"c58c06a2a24656ec917ee0ead130f28b",2020-03-31
"ad60df297ead8a4dac664dc43cc3d75b",2020-11-30
"5584a5756d603cde41a115707602f7b4",2019-12-31
"ec70a3f85359f43ab5ee9d5d3b2ac7b3",2019-05-31
"9d96dffeca0b409141ceae76e9fe80fc",2020-03-31
"a4b1e26df4c9e84a3dff03da9b9db929",2020-03-31
"b10c5b108e409c7a3ac480ce952ce4b6",2020-10-31
"952fef12978421b8ebf630a1b2e83528",2019-07-31
"be5fb7c3b3317cd0e097eba108ddcbd8",2020-03-31
"7ff299b79866bda74ec68f9c0355a172",2019-11-30
"5704d8e4e97bf44e005f58c4fa089071",2020-07-31
"f78bdec91b80b41b470a4796e4ce6bfc",2020-11-30
"ac97a6b636c7b11e0e7fd80c9a070d1a",2019-06-30
"bca4dfbeeccb67ae2b91ed096fdaee49",2020-07-31
"cb499a9d54f888752d274b9bb406605e",2020-04-30
"f3bc828d4e09480eb11302cb5fb0e8e6",2020-07-31
"449e22d4da03cf4d803417aecb47e69c",2019-06-30
"0ac43aec7648baf3a1fa2acb97ec3cb1",2019-09-30
"23bf11a9788247512fa309e979b7d2c8",2019-12-31
"dac48c15a29ab512bc2ec3149d9855e8",2019-07-31
"ab4963e280ac014f6dac981460183f7e",2020-01-31
"0d029b9c5c6fa3bb778c0eefb6cf9642",2019-11-30
"69b2471cbbe7438ddabc89d03897f6da",2019-11-30
"61d671233c5394b750e13062d49b9f59",2019-07-31
"1dc6743127a492137c338987a3899b35",2020-06-30
"9207bfb96342064ae298115c9a884aa0",2019-07-31
"73fecb89974daca4b4b681040f3725d5",2019-11-30
"002a82f75f5b856caf72a32fc2e19f2d",2020-04-30
"f8846d8a2f2ca9008a24a339123a3207",2020-07-31
"ae74dcd25b58286d00ed7ff2a08fbd42",2019-09-30
"d86487e7bbe710c9630448df407c7ffd",2019-08-31
"a63dbf700eb6ac2a7e229222fb53a737",2019-07-31
"35ad252b2018630b496a6699f2a9079e",2020-03-31
"c056c27f1480ec316558acce76be9258",2019-11-30
"a8f974cdbe4c216917dd55e15e5e97c0",2020-10-31
"a7a2ee528b5dcc654f11986691e8de47",2019-03-31
"40f410bf5af03ec276ef896b02ac3a5a",2020-01-31
"ece9bf41df442f00d899db95e6abb801",2019-05-31
"ff515322fc73ae64c6841895674556bd",2019-11-30
"59e6323db0e5099e9f276f7865afd409",2019-07-31
"dccf8bd85324c9f678a986a5861163a5",2020-07-31
"1cd8644594a2978ca135ede04d6fff8d",2019-11-30
"6580fc5354420eb978ff8df63e4bbe92",2020-02-29
"0e32fb02cc2c4bf571877adfd340b37f",2020-04-30
"b9dc260884765bb9d771233b9ee892eb",2020-11-30
"7e7e7ddc369b0374998796da67506555",2020-04-30
"ea8fe9e197f5e899b24b4ac5fde13a01",2019-07-31
"a16f5b93c548ea8fa400a20afd6a849e",2020-07-31
"9e085a80a323fec832bdd8f7d09e2756",2019-11-30
"1043b686c5e754413869f8cb1cf51c25",2019-08-31
"8524764d537835b73e381bbd0a72ab4f",2020-10-31
"3f76ffe2eb18111f0853ecba858700ea",2020-05-31
"59c7a26858fefb0d3061116aec82c12f",2019-09-30
"c7a1729f594993e898f6ab86ec88b13a",2019-09-30
"53fbbf7dc76014534af952758ef15bcf",2020-01-31
"1fdeaf6e24d9b0f09ccaae95976ebc9c",2019-12-31
"870278600459f755429d2605fb29c34a",2020-10-31
"2b2f637345fd1d862388bbf48051dd4a",2020-02-29
"1d34010364c12fae7629cfc34e04b72c",2020-01-31
"ea0edcdee462afb92cdcced819141e2d",2020-05-31
"ef438d7d127b39e9d280db658f202427",2020-07-31
"826976edd586a69cdc409992cd1de29e",2019-07-31
"c6743fa40402228e2d9a01fbcf65fa42",2019-03-31
"e5845bc861faefc35cd04aa6e015be99",2020-10-31
"4f173e5296f388b09535f9ca3f634843",2019-11-30
"232ffeb507c513a1595f989acf0b7b71",2020-03-31
"3a19570cf8ffa26ac4fab7f767ef979e",2019-04-30
"b1c02ec78e198b3d7707de60c721d921",2019-11-30
"08052d39be765f1578a2cf1fc11e6253",2020-04-30
"c8880560d7f627e1332d39712514863a",2019-11-30
"e11938c926b82edd7f159e15a256d64f",2019-08-31
"defcec144405e41fa11cd766e5930adb",2019-02-28
"958047bb37dccc6610a6fe2b9797d2ae",2019-09-30
"b38a56dae0009864227bb4a6d10d4d17",2019-03-31
"db8f4e64113c152a50a3f39c7d9b7970",2019-08-31
"41140902d37a3987678e15457edcb465",2020-03-31
"5749f8bd52a54a13196a9e811df8864b",2020-06-30
"4aac37b42af6c97359361b888f59eac4",2019-05-31
"a11cf69f7946b7b49d608817b819e5e5",2019-07-31
"ea59185f5a7d3ecb108b504b74cc3f11",2019-07-31
"5709733907eb10693c09c0ad0a60e7ee",2020-09-30
"6838601cd3f469d4a73c08a612414c11",2020-02-29
"3430df4348dd79d314d73815490a9451",2020-05-31
"16e9355fd22f25a4c788b94e07a4064c",2019-08-31
"504de9ab94e913995ac875c98c709ec3",2020-07-31
"03cb13e6b17c4d9e712cfece71868739",2019-09-30
"a657eb636db6e6d57f0b7ef15053a929",2020-04-30
"41689beeb15f212997f16c14f5737ac6",2019-01-31
"85af326d31cd7018961e695fdea66351",2020-04-30
"b83110688d5ae5e23617d1055e7c3f2f",2019-02-28
"10bed3b41fd29a819cd829f0c5a071ff",2019-11-30
"7aba94478b16ee0fd1b44d2fefa8e823",2019-09-30
"9c1295e0f8b291f00a3259d9a18bbc23",2020-10-31
"cd7a657b31d709dafec6754a6f006d23",2020-01-31
"c351308883ea98e060fd0fafc9b8c935",2020-04-30
"f6980e3f183ef8abaa06691eeface7c7",2020-05-31
"49cbdd392a8ae8cd308b61e779899ae1",2019-11-30
"f3140719011d811d9c510f680ac69db5",2019-12-31
"db30e69351dd638a7db58651954f4ab8",2019-03-31
"23a942817ee50206cdbd19392ee6f9dd",2019-09-30
"934ce15fbe2b1d45dd2c251357ceca37",2019-09-30
"e3f4bd2cfc816da7a5c33b4193b556bc",2019-07-31
"102dbaabdcd4a33cb2d0ff073179fa77",2020-08-31
"225b8bfa645ad790f02d3392e918c30a",2020-05-31
"a35051ba26b9092cc8d6595e59fe1236",2020-10-31
"b8c6fe572857df519296cfe5f969eba1",2020-11-30
"3fd2c230616c15959c2debb5611b2a0e",2019-08-31
"7bec4dd5b94511c161d47e609d32c599",2020-09-30
"37bd8d6c584591031ba98fc9b65452d3",2019-12-31
"a65be51c8d3b95c97da5e8ce43d4f7fb",2020-04-30
"984090c80fae062e4f7e74c359ebdc4d",2019-07-31
"7150f3144f0d47b128b45545aa27af23",2020-05-31
"98c31cd5bf3c24c033187fa6ed74585c",2020-11-30
"90bdf586a022b3070c76f172c39a94b7",2020-09-30
"604bdb21af3c3136055674e0b1af0157",2020-11-30
"b99da619f65cfa8914ecf37eed84c2f4",2019-08-31
"4edd6e55806d7e313a87122319696498",2020-03-31
"1701833577cc2f65731f933d363582e0",2019-08-31
"b98e66c3f7d7eb1a420a3a1c76770dde",2019-04-30
"d4b1249c15afd15422f1c439912c2f08",2019-11-30
"0ba371fdea4935d3d1cb731bff1de52a",2020-09-30
"86ea8ac545b154b2de33285012c14448",2019-12-31
"886d430a1ba765fc9b9d8a2092c09303",2020-09-30
"ce4b4559a8832fb579085e400cdeecac",2020-07-31
"28f283af1ab8977b45d330b856547b47",2019-11-30
"7ec79e812eabdc461469452115b2c7c7",2020-01-31
"3fec4d554bd21bac98c276ed294c2edf",2019-04-30
"219e311b222e9e49b5e70802daca1caf",2019-11-30
"07f457eb181bd713390d8c218bc557b1",2019-07-31
"34c6514cadbdfaaa910aaa745829a93b",2019-11-30
"d7055ac88f57672fea7311bfa3134709",2019-06-30
"14e8060711f95f53a32c97fa7ac0ada4",2020-09-30
"3732e081a1450bacb75a6a627fd0bc9b",2020-01-31
"e0d7c132f33b30606d5e99879ee6ac85",2020-11-30
"9bab3e4d2d89976722ca872f6f0e5770",2020-06-30
"77bf10c1f4b86bc4ad2e6830d97983ad",2020-04-30
"aa96634ee84ba24275805c2d8e19f9df",2019-05-31
"4b7939b74064416dddb6ce9994923bba",2019-09-30
"22aa9dd4d101f5a99fce7a6b326aa859",2020-06-30
"cad7b3084d68095d7df082cb416a9a2c",2020-05-31
"f020132723b265081b3f72a04bc3e959",2020-06-30
"ccbaa003a6adc622f5c8bb316b9ee2af",2019-12-31
"a325b9f37ba29651366b43c5463dc33c",2020-03-31
"cc1caeb404575a9a85f1e5995c4dc40c",2020-09-30
"fd32246a1aaeb2c9b47ebe78205106c0",2019-03-31
"6378d5123b19d36726cb910471d90c40",2020-06-30
"e9ebaa37526de1054e8183971da55d1d",2020-05-31
"61908e8f9c7e9df84ea63258f921c59a",2020-09-30
"51c0155134245a11664ed6a6ee22d575",2020-11-30
"155df1e33473aa81b989337d92571e97",2020-10-31
"e706f9babd048b7f8911ccac91796f9b",2020-01-31
"6474ca217e9be0105c49bd8147bf56dd",2020-07-31
"835c5f0ad5b06cca225d5fcf6fbac2a3",2019-11-30
"07c321a0706fbd117125e01872672182",2019-09-30
"0ed997a32550b600ac9720c046237de2",2019-07-31
"4d3fa4d290c43c3fb8f5c7a4d8671697",2020-07-31
"cf60bb4807f43f2332b11c7774e9306c",2020-11-30
"40d67aac14906c949f5d03337563331a",2019-09-30
"16ae99c4e1fd0b2a3232c82372672f06",2020-09-30
"5f30cf7a93b04c9fc833fe20214e0f4f",2019-06-30
"375e0d6160b2ac3f28a923fcbf2c3c2e",2020-01-31
"7543eceb49b625fa4d1ff3adb916e2eb",2020-09-30
"46c310e2b43adb8532ffc4d917ca8efc",2020-03-31
"14870f98c1d5ddc9a95d33dbe0c37331",2019-08-31
"c019582f79784e12f433328e5fa1bee7",2020-12-31
"5ce19b157e0941af1aa9c138244d75f9",2019-08-31
"eec53775d4744de711db086bce2bab56",2019-11-30
"f028bf722c6f37c8dc3d43a59f28995c",2020-04-30
"52a432c3f217757eac11f1dfe1f0530b",2020-05-31
"c594f7ff1ea7b075ac7dd43651daed3e",2020-07-31
"64c5817c87cccc8435cc1f1c08aea820",2019-06-30
"3ffd78abb00ba2505dd0a89a42a0be66",2020-07-31
"c1d90a064f50a1c08d1c3972600b4e70",2019-11-30
"e20baf1a3bcfe835c7c21f24ef18bf33",2020-02-29
"2cd1a9e53ebc7507f16bed20a7635d30",2020-09-30
"6f9949046e237ba207d6a08799aae2a4",2019-02-28
"25b1c9269978013b8f041ecd8c770236",2020-07-31
"009f68ecc3b8ccae2e780a5cf1e7715b",2019-09-30
"94c3323aab77617b463f303f9bbd261a",2020-03-31
"4702b4652792e85fe284861c4829ce89",2020-05-31
"dda54af9d55a1f4c885f659e68e2cc3e",2020-09-30
"23820848ca8d7d340c516a67245e5606",2019-03-31
"dc9353d5676c801df27e0f9980ae3a3a",2020-10-31
"f01f034e7d58a52982b1a31f31a1ac4c",2019-07-31
"c9a654f0e459c62254b0665183f1ddd7",2020-12-31
"da0bad86badec6d6d7b7126d4815caca",2020-09-30
"5e95188a4a60a37512fab71f0607f2e0",2019-05-31
"fb4b29a9c07d30a7881b7607b2b48cd7",2020-01-31
"d95a2576d6d5f20c3ba92d724d0a04a8",2020-01-31
"a70d4c955a74481647743e7af846783e",2019-05-31
"f5aefacf854371c84492336e673c03c9",2019-04-30
"c48248e16561218a818bd912ab991e3a",2019-07-31
"b92b8dfd0fdfed971320aa77cf98fa11",2020-09-30
"de261698840af128438a47bf710dd015",2020-11-30
"3a3784d89152ed96a5e9f58eca8bf765",2019-11-30
"61f459ae7987e27486574305eff78bb0",2020-11-30
"f073ba72efc1cce7b01115ee62d90b89",2020-10-31
"67ca85b39482ddf5487b339bfed0ec44",2020-03-31
"557a2ad842bed03b0f0d2b429dbd102c",2020-10-31
"1d3f38d630ecb424a8fccd9323571cfd",2020-03-31
"099cfbb8ada140d76d4a4597a30f00f8",2020-11-30
"1522f2ed742cd44d5426740712606794",2019-03-31
"5afdb93d4c8f8d5b0d406b6182344950",2020-10-31
"e6c9e35c45055b9bba2d8a97c925e6f0",2019-09-30
"848a2b47a3f71bbd2414ef4d2e774dc1",2019-11-30
"2325c39d42e060a6814a6d075e1d937a",2020-10-31
"f02e25b31f6202195902dc2f45b458af",2019-07-31
"07abccb0dc7f51e89a679f77e52ab40c",2020-05-31
"3ff7b2d4b7f0f09aad25ee54100bfa0e",2020-02-29
"de7fb955d7212088fb274c344633b91a",2020-07-31
"2389572d1208ee3db4f133879f6c112d",2020-01-31
"d819302a2e745117705783a3839d7d0e",2020-09-30
"b948a8106559f0b83d96f969ede66452",2020-09-30
"35d24ee06ce2dcf69dc6be47b80e4fa9",2019-03-31
"a5b7ab20eac6f0dcc4967649c8e463b2",2019-08-31
"687792df37458e391fc4c1b5628378c9",2020-05-31
"e4dcbd6836ea63fbe2685f8f5ef5ed30",2019-11-30
"6e6ef2d85b3ddb914897005cce6ed8ef",2020-03-31
"511973e03b3d82e20b8e834565c751d7",2020-03-31
"7b29dc2fcff730975943be29ee947590",2020-01-31
"f329721c75abc27fd52f78e5275ecf20",2020-05-31
"57c21bc496eb4eb4359257196f447084",2019-05-31
"3800779a25f8f468cba33c8484397fd4",2020-02-29
"50224a4122c56e8a779dbc750d870030",2019-05-31
"b5a7d7772d66221df6e36f3067ff54f2",2020-04-30
"6cc9c1416b528ddbb8edc92c99923a5d",2020-12-31
"57640d8d810e456d970da588603159ae",2020-03-31
"ee7cb53fb1b8d21f52fa5203bd67e7c6",2020-02-29
"9b3e163cb83a56f85c27a502ab6f6383",2020-01-31
"a8af87939aaf27c118f17451b9763e69",2020-03-31
"288d057b9b17ab7d268c086322346fa5",2020-11-30
"3b191887f06d3e6182a93bc979437dfa",2019-03-31
"631a86fa979fc8141c52f1568ff2192f",2019-12-31
"6c01caa640d9a7ed07c904b293968276",2019-03-31
"ce6225340514e7114a244833a59d2147",2020-05-31
"745aed39a65236ff4680913d5e57f1f7",2020-12-31
"564b29d086ce6ac8561cb12b18e972ec",2019-05-31
"5be38ef5599aff22714d9f399e321bce",2020-08-31
"6a8ce0858df3561aa1b07bed6205b63e",2020-01-31
"48f4f7d2db97a8f98d89e39624f0c598",2019-06-30
"4a472aa87b04c4a1836a19b4a4e3c3e8",2020-03-31
"df76bc20a072a80a327084caef9f9201",2020-11-30
"6cd82a298abf4f9860b635540d092dca",2019-10-31
"3acb59fa062a148460ae4290dbd0c0a1",2020-07-31
"d544616a055f144ff85636eb6d05227b",2020-02-29
"9fc3747ce5a14b15b6bcb31861127086",2020-03-31
"7aa812eb208f36e7d49647c558ff34f9",2019-07-31
"61e4600e0db1d8ca77869771dd1e021b",2019-09-30
"9a69f4a5ad6fa122e75825c171817f75",2020-01-31
"849150d8f957b94af7fdf7536ae2d662",2020-09-30
"56e5dccf4358ad466dbe261ebb7c8737",2019-12-31
"690b0e489beef2ad521fc0dd9c4a0538",2020-09-30
"229466422c2792e6b01b57be11e9c13e",2020-02-29
"a93d1914d9c9a8c21451b23c37bf1fe9",2019-09-30
"42f6b5d3f2f0c21fd1891ec4df2adf03",2019-12-31
"acb2f65e5b9271b418bedbef580f4f33",2020-07-31
"37f4386117d8ab4fcd78ba2ce780e4bf",2019-05-31
"f6578e343e8b06ceebedc24ff2bcbc70",2020-04-30
"d8113af66a3f3a2224b188a52fe275a1",2020-07-31
"f9062e25df8aca60d87d78a1095c76f9",2020-05-31
"718de63679b01eb16151cb64f63ef909",2019-05-31
"ca68905a035b2a9a49c05aa51266b09d",2019-08-31
"620019365bc1613678326f2d6410a488",2020-07-31
"af7c2d4c07e2b160f5d8c2604c0f4fe4",2020-01-31
"2bd6a3dd3afe5da93afbc3aa9b2acec3",2020-11-30
"c9deb0d4697f7e65e11792d50f1459a2",2020-11-30
"472a1de7ed6143724aa8eb288aace8a0",2020-07-31
"ce12a0fa975b83cfda637d7bd253ddc2",2020-10-31
"e9751e325a49f682e8a55e4f2e5939b0",2020-06-30
"e763a9e3f82cee1629c43b1e02c7844c",2020-07-31
"1495601dbb457b4229a1637fbe39491a",2019-09-30
"e5e64c728fb858d6840f4f0914687253",2019-11-30
"59481c2aacff2f38bb1d900b39c98486",2020-07-31
"1c473a7b341a768d2acfa7bb20ec76ac",2019-01-31
"4a3966b302a0a0b93e4e4e8663463663",2019-06-30
"f0dd9bfed20f57e4be2b4032c9382e85",2020-10-31
"3c88b12d1571437a3df7d1014e1f5145",2019-07-31
"e9cc7339e7a20f4b204a411ed7266f68",2019-11-30
"838c04ff76643949f7f3b8a8dc1fad1e",2020-01-31
"100221f8d3141dea25f7fb0478367753",2020-09-30
"2bd30e92b5c0cf69adcacca1cd927782",2020-10-31
"25cea3f492e7b590a814826932069b15",2020-07-31
"08ee862ddf47f6b31ec4b3ded8fa93a5",2019-04-30
"bf65e9a745f167b8e7cca664317488dc",2020-01-31
"e9a1a74f6ef9d617a9bae4647f62fe40",2019-07-31
"11ddfcd37c84b85b51e46ccfc3907dc5",2020-05-31
"467d85ed95403795917940a0437e8984",2019-06-30
"c5ece2cbac39f00a199b2d779b4fe4cd",2020-10-31
"30b4b194e3c4250ac4bc05adf6e9ea6c",2019-12-31
"8655db3ee4c077e1face611d7c2a2f90",2020-01-31
"6754c825b18347da8c03e3c0fd8f57d7",2020-05-31
"b8b328d395a7489c665864a4eba4840d",2020-10-31
"4ed95f8a2f28d55f29109215dc82d371",2019-11-30
"68552dbf42ae5bfdae63d916795da280",2019-07-31
"5fe93847df558febb781722c2273d090",2020-07-31
"ab208efadf514b9bedcadb0450b2f6d4",2020-11-30
"3c5beefffd5c2f6ba48e8bc2eb720568",2019-09-30
"35ddf9fbc0db034b8877238c8d082d51",2019-06-30
"78bd0a3fd44a08ab262bfb8ae25466d4",2020-04-30
"b43a87ce9e769c2edb10f440e39dc5ff",2019-09-30
"84358c771f0899a6a8591105d1b3005a",2019-03-31
"1f3c09bbd90d7c486e0d24f4d634546a",2020-04-30
"6479bfcd0c45c9ae2d20a1e4ba32c16d",2020-11-30
"1826643cf5a558c8b49d5e5546af4b73",2019-07-31
"f80987e74d00983a32e7d62bd4dfd775",2019-08-31
"83e86a2599c67095f420107979bcba14",2019-12-31
"e3c1af54b62205412154acf6c46ccc9d",2020-02-29
"2300b04cfe6fb9ceeaaca0ba7d89f73c",2020-07-31
"da73ee9cada692f475425d0bcef6afc6",2019-07-31
"bd33ea4364077cef6645d510d406e069",2020-05-31
"84ba3d87bc1d9c68d9b172acfa3da363",2019-06-30
"d3088d58874061e0c6fa8ad86d1c1077",2020-01-31
"5752f082cbf7c18920e8f3b3d81a71a5",2020-10-31
"0a6712303388367d80ece3c2134ae521",2020-11-30
"845e9c56302d78b85ac7afe4b1265a01",2019-07-31
"71e799fe029192247fbe51363773ec7d",2019-11-30
"ce135ebb1b49832aab3b5af268930a78",2020-07-31
"2b5e2a269a9ae2a66c149cc7b64bda20",2020-01-31
"a26b6008cd01e56002e11b3f8baaa253",2020-12-31
"7f2f7c1a5289fc63dc31b56ca87401f6",2019-11-30
"cc7583f94e0622f776d18b2666c779bd",2020-01-31
"cfccaa57fbd53c5c096f36032a7bb782",2020-03-31
"db7bdf4426bff68dec8964bf40f29860",2019-05-31
"ab9f47f07c4f9c3369f2adeb829f4ed4",2020-10-31
"9017a74325fe23928d49f07e07c5902e",2020-09-30
"95eaf8d6b38073a5b40dd8d903e20693",2019-05-31
"7245ff148ae22b8ac0fc0092008c4ba2",2020-09-30
"d565944f8ec123597728f82b145c1d04",2020-03-31
"6ff7d30a9a17d1209af936df5322755a",2019-07-31
"9c265e00722c8ef40248547cbc3ccfe2",2020-07-31
"318cfb298bd05f9f3e1a65ca775e1242",2020-10-31
"596d272804b282ea27233a7ac2d8a574",2020-05-31
"cc75a412cb4c39039852b5c34a0b3b91",2019-09-30
"2785fdc3ec8684ad4cd210399a39a9b8",2019-11-30
"0f03d1497b2642b648e879a96c0e9fcf",2019-11-30
"d48658091fd06319bd7331d2011aa282",2019-07-31
"ce2cf895f5db4f7ac7de97512f440da5",2020-07-31
"4021030776aed51f24ead7d273ecd5ef",2019-07-31
"fc75e6c0061554cc7327dab47e251827",2019-06-30
"c6f761fbe3f8f253f14112f830164ad6",2019-11-30
"06dbb1cedefaa5fed0fd7c58c375473f",2020-10-31
"bda113d1a52c55262bf744d52b522d4f",2020-06-30
"09588e9a3f5a89a2793f72e36b90e446",2020-03-31
"a8538af47d441f4e4275a407a4c0b44b",2020-02-29
"25c9ff60318f979247bb06c76044ad34",2020-05-31
"526934befca24f49737e35880d3a1ef7",2020-02-29
"fa9f10da2e7a3d71f30ed401b18e8ef3",2020-10-31
"6e91bb67b1cd19339a63076db877ad9b",2020-11-30
"121fa6e3283baabec022918a3f19579b",2019-08-31
"0462d3f8bb51559dd308e38c3a62f263",2020-07-31
"e6bb39edac12fd376950a1ebd30acc1a",2019-04-30
"1d9c7e17322634ae21073dfc0a87bb2b",2019-09-30
"7f699a3f3100d53292f92ff7d334f10d",2020-05-31
"34f3eb2b4c1b5f8bf1d4450539760a3d",2019-04-30
"615e5da517f06ba411a49e78e0323c43",2019-11-30
"91a4bbdecbf4c1cf57a77ac48e279d3a",2020-09-30
"e19b609b2847f1eb9e190def2700c918",2020-05-31
"3b4ff6c408524f86eada950c1ce946d6",2020-02-29
"ff4f9f0bf82be14cef311b6bdc4e06ff",2020-06-30
"1183f5557e70b97b1c57ac3c10a9ba73",2020-09-30
"7265da967597832d4232eb8a27e4adec",2020-01-31
"bbdaa5743a3a83d5f91c92bf4ca44f24",2019-07-31
"42d7be3c94de835eaecd2d5ba8acb3cd",2020-07-31
"8729c97c042153a906e919986869062d",2019-11-30
"67823f83afc16508eb7d2eeffdbd4740",2020-05-31
"de0ebcdfd476c8bbc1aebe38236ef398",2020-05-31
"d41696da26ced7e1922a8774a521a894",2020-10-31
"0abbbb4c4f08d50f80e2f1e89784f890",2019-07-31
"1f6061a90521fc34d8ccaacc20df2806",2020-02-29
"99ff2b718d6d441da4285d63eb9c0bf9",2020-01-31
"e1c25ece000cf8c123d443f73fa6b752",2019-11-30
"4ee0bfb9ec6077c1ca6b91e530dd6372",2020-01-31
"b6a45fa81a12033e95b2467cb3b2f624",2020-03-31
"e69e01377b77cae1539f884fa583f1e0",2020-03-31
"5c7a2f8c29dfb9f11a5e28da5f0e5ef5",2020-08-31
"bee19d92f75c22962ed81257b78c1244",2019-08-31
"1635372e8b44325e235cd7971a4ddb13",2020-03-31
"5802f3caca347f184f7e00d24bd2b51f",2019-05-31
"821cf55795597b434d6527075183f1f5",2019-09-30
"ffd1cb75a034e06cd95b30f0dcf962ce",2020-09-30
"450e8ebbde3176a1b14498cc82a8d42a",2019-12-31
"704bff26a444e73dfc02c394caea96bc",2020-10-31
"a2bdb0c476f0cb43e8547e8f0a508aa2",2020-05-31
"a9beee7e7067dd319a10d9a9850c48ec",2020-09-30
"cc978700bad25e70c8857635a51945d7",2020-06-30
"6a01132a5211b917ac2af1b2167a05b2",2019-11-30
"70815521b746cf4a201353d5d8c0756b",2019-05-31
"406cdc4976b404f448ff197e6b774fe5",2020-10-31
"c720ad00f0c3ffd6ad69c5dd526ff762",2019-07-31
"327c3fc0977ff40ed835a7655053565e",2019-11-30
"d69fc73ae91fc58a1976c5e07f8622ef",2020-03-31
"6c911b95ce52dec78ae5b35a8246c6ee",2019-11-30
"c0f9aa2171b837f3434702e62fd17908",2019-07-31
"8f5fbd8aa006b90b6d3658b6fa573343",2020-03-31
"2cbac8936d97979fb4c2089aeebb1714",2020-06-30
"8fcbf351799573ffdbaff7d5d691bf1e",2019-11-30
"38075f4ddc0ec324d187bd036475187e",2020-05-31
"d3e0285a8d4d8ba51cb2e6548418a33d",2020-12-31
"d274cf50af49539392d270aed970aa8c",2019-11-30
"67fbaed6ffd0e20d905134d9d4c914bb",2020-10-31
"f2a8d4a46f5568e2ce6d79b63921bc27",2020-08-31
"908998615733e5e9d3850c6814e7a679",2019-06-30
"8b8208f3a5a1f4333cc72da344501287",2020-04-30
"dd7d91c4e8c8a10c5b7697d8c61e63b1",2019-03-31
"38e5f94e93e27c1a92245736b202067b",2019-12-31
"4373e1b7a5acf7c13884f873d6754a78",2020-05-31
"dc0244d561cbc363f408439564ccacb2",2019-04-30
"4489619a0bd0a00957ef872fc9644c17",2019-05-31
"8220d7e0ef0a85895f0fcd93c64fbab4",2020-11-30
"0327ac215d42dadf48c9bd059411e532",2019-07-31
"da5937a78f8405abd3fa8a3720b11ad0",2019-09-30
"839d67c390ba577e9bd79626ddfd3ef0",2019-09-30
"d9126f8eea67a14007725b2a408ec658",2020-04-30
"279c56a644b5030c70b3df451c9a5a0b",2020-01-31
"f0b55abc91ff94c9aecb5f647976d392",2019-05-31
"4a1864c456e02ef9e15b8f66df726635",2020-01-31
"bc3872137a068eab96da82711da62880",2020-08-31
"c31ede94d74eeb29c5bb8403a145f4aa",2020-01-31
"bbc3e8f17acdd866f1024d17b81f8746",2020-06-30
"b218eda90896465152b72cd2af805c0c",2020-07-31
"dcb6ba2350c7cd09b5fbc5dacfc65e9a",2020-01-31
"fcc4d46c275220e8dd2422666895903e",2020-05-31
"ea46691b704e9685350db57861d1171e",2019-06-30
"e922a8c24970107445d1b669a660762e",2020-01-31
"912fd912fe0fc2bc6e9cf814f9d09772",2019-04-30
"efd4fd5f7c37193e46904fad0e3163f5",2020-06-30
"da0f6111c6d1d0d908afde6c912cf1f2",2020-07-31
"754c93764de35af4ef127aa68fff7190",2020-02-29
"fe5040bec33259aff153298f804693ca",2020-12-31
"bff943d57e98daf68ccfffe74d724de0",2020-03-31
"c50949d051d11c755b23a0fd98270d9c",2019-07-31
"3af31266c9a8b6cb2b8b4937bad483e4",2020-12-31
"e4a7d40e54edf71631627a18a55ccc17",2020-04-30
"98dda58ca6e8a91fc9ef3d0c9be565ba",2020-12-31
"3e0422c441ceee9750a7894073455312",2020-10-31
"9adbc7335da068c2d1034b065de2e3fd",2019-11-30
"bda10f2989ab8cc17a9a357d85b116d6",2020-09-30
"8b37ca46d24b1afd5182e9ea7c5c231d",2020-02-29
"e507b451ef4544c051231e360db1bdcb",2020-05-31
"a200cf56ca9659d52176ced65bd99229",2020-01-31
"dbb6445a297238176e5fc7730b8aa423",2019-06-30
"601772fb4df063946f805024f8657d4a",2020-01-31
"bfcff26bac2c4335a6833f86aa105288",2019-05-31
"b25ff57e58b46694da291b2ffb3566e6",2019-10-31
"f42b89c80728d35668b7ffea5400af26",2020-05-31
"90fd6738a73ddccac5686069a0735fd1",2019-11-30
"c61a890e07d2425f967a4e12b41f0856",2020-10-31
"e4e7c574f36b2f06ba2ea11986da5faa",2019-05-31
"8dce851c89274e3151c27876d09e3cd5",2020-03-31
"9e74407b3e7f118f5f8adcf7d7d41040",2020-10-31
"4d25dedff299e014d1029dec04e747d9",2020-02-29
"4d0d0f2ec825345d363a2eba28c82c9b",2020-09-30
"47196d7007decf44dddf66764cd9f1bf",2019-10-31
"8b7ba3fe436624e7b90c7c393ec23f23",2020-04-30
"5ba04fb6ce21ac1b46ecfd69c2682c54",2019-03-31
"63efc87298dd2360a5d5cb57067eedb1",2019-11-30
"e630968efb13269155c58703c7dfe314",2020-02-29
"7a680a46e4ca1efbee03a28318e4f95b",2020-11-30
"c246a8c3837142f7cc7ac86525ec449f",2020-09-30
"c3e2f8e46f8bee22b7917849100320f0",2020-05-31
"93dc501dcf6d785ad3670a483d4b3def",2020-07-31
"608a048ff3874d1d8e3c87e8799e9fad",2019-01-31
"be30372fecef603d2259b890ede4102d",2020-07-31
"015e95e77cac4dd68fca7bab2b743eaf",2019-03-31
"3913a34e49f923066f313bae6ea64410",2020-11-30
"dc3880d8e736b34751cd74b6d095ed9f",2019-07-31
"facbb50020f704fdf46c4d8d10b4554c",2020-03-31
"d13d397b16f91774ac7a2d8709644dfc",2020-01-31
"b97bceec4773f0f6e3515a820412161d",2020-08-31
"49ba8e647a73b2dc8bd52db20b3af8bc",2020-01-31
"caf245656b3ff64346dc4d6e55d1e480",2019-02-28
"6ad757f06f551355327965e8467b9d46",2020-05-31
"370f51e38b7e6ad65641413025542bb7",2019-01-31
"b994ddd09531538d6479721a657ea9f7",2020-09-30
"8da5e1071d03b569767dcd50a39f74c8",2020-07-31
"16c3e1ff0c0208ec3de1bf3a13cd77b0",2020-11-30
"9bc11c3ded66cee6422f03c20fd8b314",2020-09-30
"e355a9e246d02537ddb8103bbd8f4aa2",2020-06-30
"ac4c20bee2678bc3b3cb6b0f9cc94231",2020-11-30
"fca6d38d33be172ab895c347646fca98",2019-11-30
"52253a69f60e59fc8bd3d4ddcdc005d8",2020-01-31
"6be30ed07b0030498d0e415c8ada023b",2019-11-30
"29b8d6c68f3461f4682cf3d2c19d5e29",2019-07-31
"be56b955c588a1a8955ffffaeabfa2a6",2020-03-31
"d57675914bf3dab8b6e9cc86669df2dd",2020-03-31
"ed057413e2edae652b683c44521e1beb",2020-11-30
"4f06936b5555cb40a93613d6ac2db336",2019-07-31
"606132f5695e8d513f668debe779e58d",2019-09-30
"576c49152a74f14cf676d8c425a448a5",2020-01-31
"258b2b758e59dbb73bbe0d95f6f0d8c2",2019-11-30
"264594d7ed2b4f6e671cf361c1096ffc",2020-05-31
"4df32f253d66bc4e1a75d4ef87fd7346",2019-11-30
"109febb0bb3becda63e6400eacca8e8c",2020-05-31
"dca88176c9c9c338223330fe906e605e",2020-05-31
"9a48e03f152671ab1ce3698529e188b0",2019-08-31
"a1a6a3bf47af912e814b543427a2a1d5",2020-06-30
"5cf6bccc2ac846335d28f1d06bd8033f",2019-09-30
"f477288f3e3e45cbba90b66be48e074e",2019-06-30
"96cd62dc6f07bb7c0fd284a0fd1e2f0f",2019-07-31
"f7b5da6b21dfdeaae4d65197989ef8dc",2019-11-30
"99b7a7103612f59faa9cbb881cfadfd4",2019-12-31
"3c7cafa756b28ab2fbbe0e96b7756789",2020-09-30
"0b2efa59dc025c3b6555125c8665b290",2019-07-31
"63fef3694fce3caaaa7b0f05ac93bb01",2020-08-31
"9d6789175c4771e500e0c8567cf60605",2019-07-31
"381fc7381750453c7c4498ce9d1e591d",2020-02-29
"798483e087346fc653307ee0019b50b3",2019-11-30
"2d299d0b177a8dcf5aeef3466ecd7508",2020-03-31
"4feb0c196a6596d658b2155954199b48",2020-08-31
"fef3b9da857bcdbaf541abac7d9257c0",2020-08-31
"3d55908bc60bd6015efb4c655790b577",2020-05-31
"001bab64cdf3a15bb34927ad0d68774d",2019-10-31
"1733d47b7f1600c5e0e7b3035a1cc8ba",2019-11-30
"a38d97032c717ffc94600063d63deb71",2019-07-31
"f499c644237581ea3520bb196e51a4c2",2019-08-31
"1da28147e606a56ff16fcbb84afba335",2020-09-30
"61ff73ee25b8827bd324d7c44865c347",2020-12-31
"216d09648294514990ab176625c8d0fc",2020-01-31
"aed0fa9770574920bf49f64dafddc982",2020-12-31
"3392db16594b0a568e26f2d15151a280",2020-05-31
"ff0b24bb8e4b06deab7310c6a00de22d",2020-03-31
"0b9dae85e988da4f0656a7aa6da7ad9d",2020-02-29
"0644167f5f4e10aebb5e674b89bb52ef",2019-09-30
"02dcecf1ad395f8f6800e531758afea5",2020-05-31
"d369c0c261701d7927b28d2916585404",2020-02-29
"b62f5735eb9d72985e24b848d8652d8d",2019-01-31
"12c3ea3bd6388046bf776bf4c0768c0b",2020-05-31
"12e13b8392c87a5bec7c06ff80f5c0fc",2020-07-31
"4946abf66f958ea3d9ee9e8afd0bedfa",2020-04-30
"ea68947acfd68b88bc7f43456eab6112",2020-09-30
"846da3b44a6b5faa9740ac96c1937b2a",2020-02-29
"cb417db10eeb93f11c5a68777098f5f2",2019-05-31
"69453199c323d063f731616d1ef33bcd",2020-08-31
"c18f2507d70595f85a97c56a19476153",2019-11-30
"079c48f46d44244e4f4216be03952ce8",2019-04-30
"ed0428141d24e07558d56b83b56f298a",2020-01-31
"bedae539196bca27b81082c4dbbadb3f",2020-03-31
"cb8992f47aa92aec98794e2c85ca2d0b",2020-01-31
"9647e62b2c3d3f496e93a04dc952a13e",2019-09-30
"93b0c58f8fcfa0ff754a2df0a5e73f9d",2020-09-30
"a37c4e471c68b7e54c6363e734b9e36e",2020-04-30
"b7c6c87dc10cbc09efd129c7e1f4df93",2020-04-30
"7e09f6dbfcd046c678a3826fc681e474",2019-03-31
"9e9b4adc6de10bcd31facbe9de4448ba",2020-06-30
"86eab83b770a039f99f3bf4c16935f14",2020-09-30
"b306201406a89aa94b0b1fba29cb2093",2019-07-31
"6e3d0e55cdcce2ea271964e1a0c413d6",2020-01-31
"d38f13410e90e2d76cac926f8de2180b",2020-12-31
"77792dd4b98695ed200716d5f6048498",2019-09-30
"f4ec54c4d65fa238f3aa9687cf635c0a",2019-12-31
"b125a2d42730d44f5aa6e2e7513434c5",2019-05-31
"83bb98804f9416e82826ff57b29a75c7",2020-10-31
"cbf65b3a0abd5cfe0e237b76b2d88b3d",2020-05-31
"4f6addd3f9524267b53ee379ec707401",2020-03-31
"405b34263199c605f902370c0b4600c8",2019-08-31
"d2d9f7b9b6d5104845f678413c0418cd",2020-03-31
"f414308f4aa71ddada525fe18d0b5336",2020-05-31
"389caef3d5f0512cef4c01d37715ca06",2020-03-31
"6e31bd032568e683d1de72cb441c0ec4",2019-04-30
"f631f78e56a91ce52a9a6c10f32274d3",2019-05-31
"d8bcc1e5146a0b67cad9077f2dc32ece",2019-12-31
"3fad51b16a06692330e9f2dee789761c",2020-07-31
"c6659f0fde9f8dd6d1e04339f87f3abb",2019-05-31
"fd1d794c25d7aabaf67b779e63854665",2020-04-30
"f7e44a53334aa1ac87de42462fc2322a",2019-07-31
"0d8bfbae68496cc3e559345ccf17e0be",2020-05-31
"09e47092d066160d72b28ec08aa0d3fe",2020-02-29
"03b46d048a35d07e9fe19eb74742737c",2020-05-31
"f639519fcdac128f2013f4aac17fc627",2019-12-31
"1db8fc034803b07cafec0347072f70af",2020-11-30
"79a2f656175ce6a74aad83b745829d33",2019-09-30
"71316c500376120674af565551eab166",2019-03-31
"b4b6b29149e79e80987ae02f2ef15c39",2020-04-30
"3e6748380321ecc56b24c02256d18b06",2019-11-30
"10ef51343ab3be370204a95ad9edc75d",2019-06-30
"dc6329c5135be5d912c6152c6fbddbcb",2020-03-31
"1b4be4ea17fbae2d181671c56547f9e4",2019-09-30
"1757557656bd4e6bf2e2c40f470f12d5",2019-01-31
"97b85c54a70fcbc6d7e2d00555c91a1b",2019-12-31
"3b4ea067835c13d0b3db2b0197fc6e06",2019-07-31
"94102da2b95d109bdcd3abb936a8bf09",2019-11-30
"0a0f9558061bf2e77827064cc87bdce9",2020-07-31
"01c21d5f06d733a93cf02209686eeb22",2020-12-31
"aa829d54988c9156d3f950bda68eb0cf",2020-12-31
"29abbc8bd3dbd3ab48577e4ad6ee63bd",2020-09-30
"5be19c08a458850137c815f596db0b14",2020-04-30
"636d1c1025edcb65cdaee3f9f273a747",2019-04-30
"886a7d49a1371936bd21aff4486f22ea",2019-06-30
"eb35b817c2ef81c10351ea61fb2fe5e8",2019-07-31
"8167023544534fe42ae060e5495a5460",2020-12-31
"e06081e893a1f9e074c8919762a74d16",2020-10-31
"fba2efa94c87b7015bef6203b7c0ccf5",2020-01-31
"d0fc11d7d8ddd5f2b725772c8cf3bbb0",2019-06-30
"0cf7ecb8d8dd5099c21b5b47a6ecae51",2020-09-30
"1f2d60a730b78f068cca088731801987",2020-03-31
"9d0a59368f34aeab9512923b838031f6",2019-06-30
"9419b021276fbeb25cb8ac79f5ceebd5",2019-05-31
"4531f8cb37e136d5d386a0632d989b13",2020-05-31
"bc6506d60affbaf2ed61da55a56465b7",2020-05-31
"58494954864d48e4d5bb9b808dfb2513",2020-02-29
"46c9516bb3bd37eee88b7e659e046508",2019-09-30
"1b4ac6f9c8fb8c7241c47ddb97c55a08",2019-06-30
"1d0d8111d345f2c3c4a9a92b1d4efc49",2019-07-31
"7090e88c59bf8a45a528c8a3e2a6c9d2",2019-05-31
"a94ea067ceb6fed930439386cd3baa6f",2019-07-31
"4f6666a07b74ed299ebdb22d292c4c86",2019-11-30
"a2fed264ba6a290e4bf2c3a29bf4756b",2020-09-30
"17d842d0d415ac331b96d3b6df0bcc02",2019-05-31
"938b88fda404ff5fa4763cd4b94aa871",2019-11-30
"b5829d016062ee8135f7e9dfc09a0467",2020-09-30
"ee9234ac9326119911ffd91e76863b93",2020-01-31
"ead7ed21f4e07671660d0629d2b8a145",2019-11-30
"8639e4170728b97141030a0639e6c459",2019-08-31
"028d72a6b94613168597c0c7ce4686bb",2020-11-30
"feaf882e377cfef912e958bedd44421c",2020-03-31
"a16fe22917a233c812e5602ee6526293",2020-06-30
"ebf5f60a9caff5d721b74c2a0a3fe465",2019-12-31
"c7e23aa427d7a0664139f4e4b48987ca",2020-06-30
"0f093551bfdb189862de4d0fa0405df6",2019-07-31
"3afd9605c0e4783c742b3c1494771970",2020-05-31
"d7687ff67c40095b15a6a1ff530084c3",2020-12-31
"f01abbfda7eccf8875b78aba8a034648",2020-12-31
"be42c5e7d0b6d44921a3b4c37a102a26",2020-12-31
"94e8365f3f59d6e22ae99a011b5c05ce",2019-12-31
"01078ad9f0cf06985abc6aa5b2931533",2019-07-31
"df120703e6f9473f9ba98b30c92cda6e",2020-07-31
"1f9299862b1307d33a4693946a9aafc2",2020-02-29
"e0371158525c4d0bc74a5ce32f4ca5e6",2020-01-31
"0454da82b64360a2a15b1fd3827e3df6",2019-03-31
"053c4635f1879456c9c05755de5c763c",2019-03-31
"9d9a98ee2debb132ce96ed46bc0712a7",2019-08-31
"e2070401399af9d73545041cfe3c7b4e",2019-11-30
"56fda95bf412e535b2ef973d4828473b",2020-09-30
"68f4db390401d4ab09b834f6f2d15365",2020-06-30
"77170673a9e28a6e6edf31aa0b709c0c",2020-07-31
"6dece6549ac42cd81563ed3a75c718a7",2019-07-31
"9894dc764abff43063c5186b4d9381d1",2020-07-31
"eb9aace0262ba7db76f99d359a0055f3",2019-07-31
"5a1f9ea72c9766ce53c85285b0362a09",2020-11-30
"2072e06d180a93df186570dd9f149138",2020-10-31
"def6a5191b75c8b40129ec5cbd640a1e",2019-11-30
"24d34a392622c22fb6e9a72aba40a6c3",2020-07-31
"7e37718f0ed10a18fe105c7c7e93a848",2019-06-30
"a645269e8f7a746e38bc8402201e6d3f",2019-11-30
"12b5cc1ea5f710d16820386963745a3a",2019-12-31
"268b0493081e53f4d699ec8f02972cd1",2020-01-31
"c0beef7e1dac255438c63b80982a9f04",2020-01-31
"70f10fdd19c826d7e5b2547fb8857279",2020-09-30
"ea9ec6bb62e7b1f85fc3953b2046fa5b",2020-10-31
"d90895ede8a556408f43319b1ce98bf7",2020-02-29
"095c8a517b69f17af1298d89227674db",2019-08-31
"37077e99695166954242cbbf3c793251",2020-07-31
"651b05296e377d2aabb78239687ba346",2019-11-30
"40fc49f393b987c3a10bcd2f99250205",2019-05-31
"471f4ee3d4e773687367977eea36aa21",2019-05-31
"26c0363bc4c04cb68fd4d03326eeff8f",2019-07-31
"b5a71508013936a113a258b40faa8a50",2020-05-31
"e4b14ad5be76d04c11611b8d40b289de",2019-09-30
"f76317bb397d138e58a228359d14a3f9",2020-11-30
"11842e25df4a7db3723606aaef2fd573",2020-01-31
"8545f4adf365027a922331accbc76f24",2019-06-30
"b43e515eaea14c9db6047862138ce965",2020-11-30
"4a8b164850fa0e1096275ee0a24ab160",2019-08-31
"c7caccdd033b221b8b089b116d8fc83e",2019-09-30
"ab342b34418d24bfa80cf3e743466cce",2020-09-30
"6816d82997f935bea6092d9c0a1b414a",2020-09-30
"c766f2b344c1d4f127129c22d13fe3ad",2019-07-31
"23966871eeb093d5bbd653b147bb7806",2019-07-31
"b3677b5628596271c4aa959681b81cdd",2020-05-31
"b6ae179bc742816f66ab480d44f53aeb",2020-01-31
"78c6b147198e1451fa4690be30839972",2019-05-31
"1881d8d3191703dc7868804319650ebc",2020-02-29
"697af3bc6de85f4f60065325ed089551",2020-09-30
"0f38eec7608334a00d98b1739a84275d",2020-11-30
"0bb756a61696fded301bed8b3ffea440",2020-03-31
"968ea79affeda06ab19d11715ed2181d",2020-11-30
"e70728ceb0fac6af43a37d775b91a51a",2019-10-31
"8056cff969b78f7f6ca0417a2a4d7e00",2019-11-30
"2769f33bb66477fb17a571715189cfdc",2019-08-31
"6666afd774143f47e6c7c3903b0578b8",2019-07-31
"1de08ba4f57c4706aabfce3f5c1c992c",2020-09-30
"25ad9e880d6c367d0ac00607a2b18d79",2020-03-31
"22a50256d3eb675fc32fb7c150fa93c0",2020-11-30
"362af06d1a8c31078cbd0bcbc815412e",2020-04-30
"2915a832c66beaa4080f45f9d0df7313",2020-09-30
"ffdd94af47721c15e4597651924c9064",2020-12-31
"40bc5369c39e656f57fccbe1b89eab39",2020-03-31
"f9aee4d6bccb87fef2164e99220c3da8",2020-12-31
"e2ff347de37c74c613e6d1793c11648b",2019-07-31
"37ecbb6b1aff90ff7e79ec7d7b936a57",2019-12-31
"32a5ff7c76b58804e5d0cee8dad59ba8",2020-06-30
"57357aeac1c4b6d32a2fcb72c2dab3cc",2019-11-30
"7f8ebd05a072692d81ba3a20816e148a",2019-08-31
"b4db6a5d50a34244e83bfbe77495a414",2019-12-31
"35633a5e9afda440e8913b6b321d8828",2019-03-31
"3c89ec06ab07267033572967ef49330e",2020-03-31
"44dc19c0af0e8e42cab1378b876100ce",2020-01-31
"7a61da2d4e1c6f8791fef3b23f2a96f8",2019-10-31
"af20d94005149c6d6c92d4d295d56ec4",2019-06-30
"658cadcf15a360c409738522e19cabad",2019-11-30
"1c71fe25454098bde08643d1cab574af",2019-04-30
"3007db0d82d8ef45efa650f798970784",2020-08-31
"b4ea945ae16739412c117cbdf2f59f55",2020-03-31
"95ce20ce2649d2c299bd4dd2087fecba",2019-07-31
"f537ac27b87d522c349c62aea3272779",2019-05-31
"70b88b6e61f75c96506d7b56abb62f75",2019-12-31
"0900b9c157b121f8a1b19ccfb12861c9",2020-01-31
"cc2dcc65d85cf3a00ecfdd5737757954",2020-05-31
"a7b618947a9a8a2ef059b73b6b93e9ee",2020-06-30
"e2fc98ed44e0ae29c1082d817660acf4",2020-07-31
"8a8a4aee701fd0fc939a40bc326ea2cd",2020-04-30
"32134cd870c216bf9306a46e142d7283",2019-07-31
"3e37eb283adf3a0ad094ec205208ba80",2019-11-30
"5d512b31919a0717d559666ef526d942",2019-02-28
"b9415427f0e81f2b1aa72ddc961813c1",2020-11-30
"1716f503b40e6b56b3181b9022a5ef36",2019-07-31
"174cf22ff1214f262363f9cbd2ac15ea",2019-05-31
"cd5e4c02626931a3329319b5702f3c05",2019-04-30
"1817e29f7e5c5cbaef3967eb41e47af7",2019-04-30
"03290b327517ecbd8db5e05131c98842",2019-10-31
"8b7b46ce7c2d53a2b4e8b71a45cce9d3",2020-03-31
"c9c4bf1dd4c36020fb624298ba4ea96e",2019-11-30
"88123df6a6329df9ec5dc4bc55897d12",2020-06-30
"704d78a977fc69e780ca4a2cf3010030",2020-06-30
"17e8207274f75b6490f9fa74255b061e",2020-03-31
"6c38bd19e5e8bd9726d0ca7896a47233",2020-07-31
"1fd9c85a39d4ef3139d764a4f580d965",2019-05-31
"56dc37a80d1eac7f725b0b730b65a68e",2020-02-29
"74caf19474efaf6910e4f8536b374ef3",2020-01-31
"fb60ea7be0243e1fe714a4d47f859eab",2019-09-30
"ff458d8bdc11f551a1cf018719c1a265",2019-08-31
"3b257cd8d9e116b569a639ec64ac4566",2019-06-30
"da874e6e000803e982e995bfbcdfb0b6",2019-05-31
"50416c4e56e1ca7dacf63b971475eadf",2020-09-30
"2118bc875f5c80ab39deec5880b936a4",2020-10-31
"8231160ee369f3b6a0866819552b53a7",2019-09-30
"8e3ea0a96be08a55a6d65421c82a938b",2020-03-31
"708197de761e3711cf6f36f31c2b7d0b",2019-06-30
"14106013f7f02525c34e4de599e39064",2019-07-31
"91bea7ee547da2df1963f22368acafc7",2020-02-29
"91b75d9f30741b0c1880f92a694947af",2020-05-31
"2a024e6896d0609528e01c8392514fef",2020-03-31
"99d624d42d6b08371a61eb16a35168d8",2019-07-31
"bef6c23521b315359cc74454a20002ea",2019-04-30
"58ef1ba3314f6bd2cc626ffb348da92c",2020-01-31
"84423df03a8db0d78086ee8832241112",2020-10-31
"bb779469c2d3c3d07f5748bf7c2a65d3",2020-01-31
"ddd0b0fb6e6deeff39b817bbfcd477b1",2020-03-31
"5c4de6af5b394853dcef2dbb3a9d534e",2019-04-30
"93c657d954036cc3c963e0c3d4fa6fe6",2020-03-31
"d086457da0c37706dda0d2aec4178a9e",2020-03-31
"422c2075698b4137d3b7e5d26f4e2fba",2019-11-30
"1ad66ffda09789fa4d1e7e5200cb4a4c",2019-12-31
"9eb7745d4bde0eee546aa1dd0668fc0a",2020-07-31
"e5a07cc4e424204891956e0c4035c0f3",2020-09-30
"ba1570df8843bf1e84276c635e56f907",2020-02-29
"e0b9ed09864aa9e61834509fe3997695",2019-09-30
"dca9df3af513b28b20bc4a57da0b67c9",2020-05-31
"2e1354bf613276f0db8af78ddea91bf0",2020-10-31
"29cdd2f6de14dd4785133b02b8cdf560",2020-09-30
"a03bd0c01a0b9f79093d4fade8f3ee22",2020-09-30
"c765a8d1effe7d74b6ba6cae5cf2948f",2019-12-31
"4d26350e9e29dcc107304c8758e41907",2020-09-30
"408e477dc1b73290ed7940c826758b8a",2020-05-31
"93ff0b33ea90a838eac990b45fc9395d",2019-08-31
"b7f45d87b000013f50ff5ffcf7ac9a2a",2020-03-31
"3512f0dfd3f81c8a242d6e3199319cd7",2019-08-31
"f89a3d30f93cc27da055331be6952798",2019-06-30
"6e82b84a711a2bc9a221fdf3326bbb06",2020-05-31
"7dc6065e15b8a6366d22cd5102082e2f",2019-12-31
"8ab51af4df9240530204e07870aa803d",2019-11-30
"abfef0bb9b9108a07d512312af826692",2019-11-30
"1a20602b20ce03ee8c1ee6a22da37a0a",2019-02-28
"d909410dd5a765639b057ac3afd761af",2019-11-30
"d5b79cf04530addaf7c8ea6eb1d09590",2019-07-31
"accc0d0b76ca69ab99d9332b5f43b6ee",2020-06-30
"c3fec5769f9c7a1c5b0caf32f3114401",2020-11-30
"3fa7d6d99293e016bc568165d2680f61",2020-11-30
"0703ac0b6f8ce9f5a82072558edaa06d",2020-12-31
"d7b0386e385d3986674c9f6e8f1736b3",2020-12-31
"8fc44fc6e2723d9efb2bc7100806cd6d",2020-01-31
"9cbbd8d3fa9fe7ed277ff141f3d80392",2020-05-31
"ef18b5566f09b566320cf58a09ad55e8",2020-04-30
"cdb63d46e4542594fafbc34c0e584b78",2020-05-31
"8a79caeb4dc805a6edd8ff5b631c778b",2020-09-30
"f2dab872c546a589b544b0b62feda7dd",2020-03-31
"26d29574e3f2b88e1babb9743bea01f8",2019-09-30
"72021d95742524b0cf61fa55e14bc044",2019-09-30
"92cf14315f821ecdd315543767c4e562",2019-05-31
"7c4d68b6d866fbf3f03a43dc542a9f77",2020-03-31
"bbf27d82b1bf122f17c66c4e4aef30a8",2019-09-30
"05cf41d8a042a486feb4f30bd381ab75",2019-02-28
"6a812d24b1bc22f9aadf708b81a15aea",2020-01-31
"b7757f789c6417773e18ce9e99197cd6",2019-05-31
"b5cef994ec9b3daa4994164d0c8f7fa2",2019-08-31
"7184afc987eacf468886dcb481ecb138",2020-11-30
"e1db472f7a6a0914d5b2187972ea8262",2020-05-31
"c84327b301b466fb5cbe84b14f71121e",2020-03-31
"3a361ba155f3b682fafd14250589ed1f",2019-05-31
"ea59341072923ac4c73eff25230a9e85",2020-05-31
"1b865b68b00a47eb8e35103b89a1e69d",2019-05-31
"7a68336431c4b2de23c383a19a2967cc",2019-07-31
"03c675d2d9a70d85305b83ee5809af9f",2019-03-31
"dcd1ccffcb0aca26e3e589f482962973",2020-04-30
"4624151f5d39849ebdfde90e3817a567",2019-09-30
"c5c121531ccfbcbfea71159231737c01",2019-12-31
"515d8f4e3a6c78684d3ab6e754180b00",2020-07-31
"150c71d9fe02389236ac6a4fa27cc07e",2020-10-31
"4ad3cb86ef9ca027b6d869787b3f16b7",2019-10-31
"1f72e4fa3764a95e897eb88c4c44f19b",2019-09-30
"ad3a6669ccec5268255e385e2e4f0fbc",2019-05-31
"2eab590be185b4d1e60f496864d5c6b9",2019-12-31
"78d52af40acb1e0a7a469bae7d7d7882",2020-05-31
"9a8d5ea0d503b021fa257a5b7c36c5cc",2019-12-31
"9c1b9e1886086927d76827db01d5e655",2020-05-31
"3d203f62b47148976b125f3686ec2c52",2020-09-30
"7ebdb40b66d55e595823c14d9880929e",2019-05-31
"40a7d9af73e8640346a6054881617abc",2020-03-31
"1d74f42b2f672be54b71132348a7a9da",2020-05-31
"0e8ab8b77a654540228be487349b4c80",2020-12-31
"4bc220412f3ee5021876f468ab5f20af",2020-01-31
"e856cdd4c496160e8b8ecd1a09d21f4b",2019-03-31
"015423b90b905e79e5d15d645e13ff2d",2019-03-31
"659b26391c4cf316eb2f227a82342c55",2020-10-31
"e1a407013468b374b9af733319db8b21",2020-03-31
"44f03fdeb97ade7475a609fe6a401e6f",2020-05-31
"b399b8f48e41526bd8a448d0d75bfca5",2020-01-31
"de923fcc13f8d453c38144b4f4d376b8",2019-04-30
"f554e4282bdb9442fc2b74c2e800b957",2020-12-31
"cfc1d095346aa59dfd4fc5a0efac7e1d",2020-04-30
"19c6b7f968972b3ed53c4bc794caa7ea",2020-05-31
