"gender","sat","gpa","apttest","int1","int2","int3","hired"
"F",1230,3.57,70,4,3,4,0
"F",1250,3.58,20,3,4,3,0
"F",930,2.89,77,2,3,3,0
"F",1110,3.49,85,5,3,4,0
"M",1260,3.39,93,3,4,4,1
"M",1370,3.41,81,2,4,4,0
"F",1220,3.36,70,3,4,3,0
"M",1350,3.37,82,4,4,3,0
"F",1020,3.35,62,2,4,3,0
"F",650,3.13,67,3,3,4,0
"M",1000,3,89,2,3,4,0
"M",1030,3.59,71,4,4,3,1
"F",990,2.57,84,3,4,3,0
"F",1030,3.38,50,5,3,4,0
"F",940,2.93,52,3,3,4,0
"M",1180,3.56,83,3,4,3,0
"M",1430,3.73,84,4,4,3,1
"F",1280,3.48,58,4,4,3,0
"F",1360,3.48,78,3,3,3,0
"M",1260,3.58,80,2,3,3,0
"M",1180,3.5,91,3,3,3,0
"F",1060,3.42,18,3,4,3,0
"F",1090,3.36,94,4,4,4,1
"F",1070,3.51,49,2,3,3,0
"F",900,3.42,77,3,4,3,0
"F",1200,3.46,87,4,3,3,0
"F",1280,3.54,57,3,3,4,0
"M",1350,3.53,90,4,4,4,1
"M",1310,3.63,89,3,3,4,0
"F",1300,3.56,73,4,4,3,1
"M",930,2.86,87,3,3,4,0
"F",1240,3.61,69,2,4,3,0
"F",810,3.13,58,3,3,3,0
"F",810,3,66,2,3,3,0
"M",1200,3.51,90,3,4,4,0
"F",1260,3.58,84,3,4,3,1
"F",1370,3.48,79,3,3,4,0
"F",1060,3.48,82,4,4,2,1
"F",1060,3.51,61,4,4,4,0
"F",1250,3.39,34,2,3,3,0
"M",1010,3.38,87,2,4,3,0
"M",1270,3.47,81,4,4,4,1
"F",880,3.1,84,4,3,3,0
"M",1080,3.36,88,2,3,3,0
"M",1140,3.51,90,2,4,3,0
"F",710,3.06,84,3,4,3,0
"F",960,3.07,65,3,3,3,0
"F",1020,3.58,46,3,3,3,0
"M",760,3.08,71,2,4,3,0
"M",1260,3.41,85,4,4,4,1
"F",1090,3.51,50,3,4,4,0
"M",900,2.66,82,2,4,3,0
"M",1270,3.35,87,3,4,4,0
"F",990,3.1,77,3,4,3,0
"F",1270,3.59,80,4,4,4,1
"M",830,3.13,90,4,4,3,1
"M",1100,3.46,82,4,4,4,0
"F",1140,3.65,89,4,4,4,1
"M",1280,3.5,86,3,4,4,1
"M",1300,3.69,93,4,3,4,0
"M",1330,3.53,83,4,4,3,0
"M",1040,3.48,93,3,3,3,0
"F",1060,3.6,83,2,2,3,0
"M",1090,3.55,86,4,4,4,1
"M",1360,3.44,81,4,4,3,1
"M",970,3.18,83,4,4,4,1
"M",980,3.37,84,2,4,3,0
"F",1180,3.57,77,4,3,3,0
"F",1310,3.56,87,4,4,4,1
"F",1300,3.54,77,1,4,3,0
"M",1380,3.46,87,4,3,4,0
"F",660,3.11,72,3,2,4,0
"F",1020,3.49,83,4,3,4,0
"M",1250,3.59,82,4,4,4,1
"M",1240,3.61,90,4,4,4,1
"F",1320,3.53,78,3,3,3,0
"M",810,3.15,85,2,3,3,0
"M",1060,3.42,92,4,4,3,0
"M",1350,3.58,90,4,4,3,1
"F",1280,3.51,79,4,3,3,0
"F",970,2.81,60,3,3,3,0
"F",1170,3.61,83,4,4,4,1
"F",1190,3.34,73,3,3,3,0
"M",1340,3.43,87,3,3,3,0
"F",1600,3.55,78,3,3,3,0
"F",1230,3.36,69,3,4,3,0
"F",1290,3.77,77,3,3,3,0
"M",1160,3.41,95,4,4,3,0
"M",610,3.12,87,4,3,4,0
"F",800,2.79,42,5,3,3,0
"M",1170,3.54,21,3,4,3,0
"M",820,3.5,76,4,4,4,1
"F",870,3.03,65,3,4,4,0
"F",940,3.17,66,3,4,3,0
"M",1460,3.33,90,4,4,4,0
"M",1330,3.72,40,4,3,4,0
"F",1070,3.57,51,3,4,3,0
"F",1060,3.45,46,3,3,4,0
"F",1000,3.19,59,3,3,3,0
"F",1160,3.53,81,3,3,3,0
"F",730,2.84,45,3,4,3,0
"F",1340,3.43,72,2,3,3,0
"F",670,3.19,41,3,4,4,0
"M",1010,3.33,44,3,3,4,0
"F",1280,3.39,73,2,3,3,0
"F",1410,3.41,80,3,4,4,0
"F",1120,3.61,55,3,3,3,0
"F",790,2.89,27,3,3,3,0
"M",1110,3.55,71,3,4,4,0
"M",690,3.19,68,4,4,4,1
"M",1070,3.46,74,3,4,4,0
"M",1310,3.47,33,4,3,4,0
"M",1410,3.61,82,4,4,4,1
"M",1150,3.4,66,4,4,3,0
"M",1150,3.56,31,3,3,3,0
"F",1230,3.41,61,2,4,3,0
"F",1160,3.57,63,3,4,4,0
"M",1110,3.63,79,4,4,4,1
"M",840,2.98,32,2,2,3,0
"F",1020,3.46,78,4,3,4,1
"M",1300,3.55,61,4,4,3,1
"F",790,2.96,67,4,3,3,0
"M",950,3.18,47,3,3,3,0
"F",1120,3.28,54,4,3,4,0
"F",1110,3.53,56,4,3,3,0
"F",1170,3.53,49,3,4,3,0
"F",1230,3.54,58,3,5,3,0
"M",890,3.17,57,3,4,3,0
"F",790,3.05,51,2,3,3,0
"M",820,2.95,63,3,4,3,0
"F",1370,3.62,89,4,4,3,0
"F",1160,3.4,58,3,4,3,0
"M",960,3.14,29,3,3,4,0
"M",1130,3.64,53,3,4,4,0
"F",1240,3.4,77,4,4,2,1
"F",1290,3.34,37,4,5,3,0
"M",920,3.09,44,3,2,4,0
"F",1230,3.72,29,3,4,3,0
"F",1590,3.58,78,4,4,4,1
"F",920,3.29,55,3,4,3,0
"M",1300,3.58,86,4,4,4,0
"F",1200,3.56,87,3,4,3,0
"F",1170,3.48,65,3,3,4,0
"F",1060,3.6,56,3,3,3,0
"M",880,2.97,58,4,3,4,0
"M",1160,3.64,70,3,3,4,0
"F",1500,3.34,80,5,4,3,0
"F",1240,3.39,59,2,3,3,0
"M",1070,3.43,89,3,3,4,0
"M",1340,3.55,78,4,4,4,1
"M",1190,3.27,60,4,3,3,0
"F",880,3.08,33,3,3,4,0
"F",1060,3.48,55,5,4,3,0
"F",1550,3.35,35,3,4,3,0
"M",1330,3.47,72,2,3,4,0
"M",1160,3.34,72,3,3,3,0
"M",900,3.55,66,3,3,3,0
"F",1020,3.62,67,3,3,4,0
"M",1330,3.47,61,4,4,3,1
"F",830,2.84,54,3,4,3,0
"F",1530,3.48,45,4,4,4,0
"F",920,3.16,20,3,3,4,0
"F",950,3.18,61,3,3,3,0
"M",1040,3.65,62,3,3,3,0
"M",1480,3.41,91,2,3,4,0
"F",1140,3.35,72,3,3,3,0
"M",1260,3.44,81,3,4,4,0
"F",1250,3.43,74,2,2,3,0
"M",1150,3.54,43,2,3,4,0
"M",1310,3.47,76,3,4,3,0
"M",1170,3.36,67,4,4,4,1
"M",780,3.01,49,3,3,3,0
"F",1080,3.48,54,4,3,3,0
"F",580,2.96,64,4,4,3,1
"F",1000,2.81,51,3,4,3,0
"F",1340,3.56,62,3,4,3,0
"M",1010,3.37,52,3,4,4,0
"F",1600,3.6,87,3,2,3,0
"M",1040,3.57,81,4,4,3,1
"M",1060,3.65,56,4,3,3,0
"M",1030,3.47,55,3,3,4,0
"F",1070,3.54,44,5,4,4,0
"F",1340,3.41,88,4,4,4,1
"F",750,2.82,56,3,4,3,0
"M",950,3.05,65,4,4,2,1
"F",980,3.35,68,4,4,4,1
"F",1160,3.47,51,2,4,4,0
"M",1090,3.39,58,4,4,3,0
"F",900,3.11,52,3,3,3,0
"M",1220,3.61,53,4,4,3,0
"M",1510,3.36,84,2,4,4,0
"M",1300,3.56,37,5,3,4,0
"M",790,3.41,62,4,2,4,0
"M",1140,3.43,79,4,4,3,1
"M",1090,3.4,69,3,4,3,0
"M",990,2.98,76,4,4,3,1
"M",900,3.22,50,4,4,3,0
"M",1380,3.65,77,4,4,4,1
"F",1010,3.51,78,4,4,3,1
"F",930,3.12,24,3,3,4,0
"F",1050,3.53,73,4,4,3,1
"M",1130,3.52,55,4,4,4,0
"F",1220,3.57,55,3,3,4,0
"F",1130,3.65,63,3,4,4,0
"F",940,3.17,57,2,4,3,0
"M",1340,3.51,70,3,4,3,0
"F",1240,3.62,90,4,4,3,1
"F",1280,3.27,67,4,4,4,1
"M",1260,3.56,36,2,4,3,0
"F",1380,3.54,77,4,4,4,1
"M",850,3.14,64,4,4,3,0
"M",1110,3.52,44,3,4,3,0
"M",820,3.26,63,3,4,3,0
"M",1460,3.51,70,4,4,3,0
"M",1390,3.45,72,2,4,3,0
"M",1340,3.44,52,4,4,4,0
"M",1100,3.61,46,3,3,3,0
"M",1310,3.48,84,3,3,2,0
"M",1260,3.62,42,2,5,3,0
"M",1130,3.46,63,4,4,3,1
"M",1330,3.4,71,4,3,2,0
"M",1270,3.64,74,4,4,3,0
"F",1030,3.49,27,3,4,4,0
"F",1200,3.62,55,3,3,3,0
"M",830,3.1,76,4,3,3,0
"M",760,3.29,43,3,3,4,0
"M",1510,3.38,71,3,3,3,0
"M",920,3.2,26,4,4,3,1
"F",1260,3.54,75,3,3,4,0
"F",1100,3.47,41,5,3,4,0
"F",1370,3.7,71,2,4,4,0
"F",970,3.1,44,4,3,4,0
"F",960,3.08,54,4,3,4,0
"M",1230,3.63,64,3,3,3,0
"M",950,2.84,51,2,4,3,0
"F",1110,3.56,71,2,3,3,0
"M",1260,3.45,71,3,4,3,0
"M",1240,3.6,57,4,3,3,0
"F",900,2.97,26,4,3,3,0
"M",1000,3.05,65,3,3,3,0
"M",880,3.29,30,2,3,3,0
"F",950,3.26,81,3,4,4,1
"F",960,2.94,66,3,4,3,0
"F",1270,3.57,76,3,3,2,0
"F",1030,3.36,70,4,4,3,1
"F",820,3,61,4,4,4,1
"F",1140,3.62,57,3,3,4,0
"M",1290,3.59,52,3,3,4,0
"M",1110,3.48,50,2,3,3,0
"F",1390,3.73,47,3,3,3,0
"F",1230,3.6,86,3,4,4,0
"F",720,3.45,50,2,3,4,0
"M",900,2.82,82,4,4,4,1
"F",1150,3.45,69,2,3,4,0
"M",1180,3.59,21,3,3,3,0
"F",1120,3.54,46,2,3,4,0
"M",1400,3.48,43,2,4,4,0
"F",1390,3.17,66,3,4,3,0
"F",760,3.14,57,3,3,4,0
"M",970,3.16,57,4,3,4,0
"F",760,3,67,2,3,4,0
"F",840,2.83,54,3,3,4,0
"M",1100,3.46,54,4,4,3,0
"M",1210,3.5,73,2,3,4,0
"M",1120,3.57,32,4,4,3,0
"M",890,3.02,68,4,4,4,0
"M",1110,3.54,45,3,3,3,0
"M",900,3.64,41,3,3,4,0
"M",1400,3.65,81,4,4,4,1
"F",1150,3.49,74,4,4,3,1
"F",1070,3.39,43,2,3,4,0
"F",1150,3.45,83,4,4,4,1
"F",990,3.08,59,4,3,3,0
"M",950,3.06,71,1,3,3,0
"F",1340,3.48,86,3,3,3,0
"M",860,3.14,58,2,3,4,0
"F",960,2.87,43,3,2,4,0
"M",1410,3.44,73,3,3,4,0
"M",1150,3.31,54,3,4,3,0
"M",950,3.25,25,3,3,3,0
"M",980,3.24,68,4,4,3,1
"M",840,3.03,83,3,4,3,0
"F",960,3.11,48,3,4,4,0
"F",1220,3.56,75,4,4,3,1
"F",1050,3.58,35,4,3,4,0
"F",900,3,46,2,4,3,0
"F",970,3.24,67,3,4,3,0
"M",830,2.77,42,2,4,3,0
"F",1200,3.43,58,3,4,3,0
"M",1490,3.54,33,3,4,3,0
"M",1470,3.47,82,4,4,4,1
"M",1190,3.47,93,4,4,4,1
"F",1100,3.56,80,4,4,4,1
"F",1280,3.54,87,4,3,4,0
"M",960,3.06,50,2,3,3,0
"M",1350,3.44,86,3,4,4,0
"M",1140,3.43,69,4,4,3,1
"F",1370,3.55,39,2,3,3,0
"M",970,3.22,55,3,4,3,0
"F",1030,3.4,91,3,4,3,0
"F",970,3.44,68,3,4,3,0
"F",1180,3.43,62,4,3,3,0
"F",1000,2.92,80,4,4,4,0
"M",860,2.88,37,2,4,4,0
"M",1260,3.64,79,4,4,4,1
"F",1020,3.52,46,2,3,3,0
"F",940,3.08,29,4,3,3,0
"F",860,3.09,65,3,3,3,0
"M",1320,3.46,84,2,3,4,0
"M",1130,3.38,48,4,2,3,0
"F",1020,3.57,34,2,3,3,0
"M",900,3.25,78,3,3,3,0
"F",1480,3.44,45,4,4,4,1
"F",480,3.08,51,3,3,4,0
"M",990,2.99,72,4,4,4,1
"F",1300,3.51,73,4,2,4,0
"M",1180,3.62,85,4,4,4,0
"M",1380,3.48,80,3,3,4,0
"M",890,3.48,54,3,3,4,0
"M",1190,3.6,76,4,2,3,0
"F",990,3.03,62,4,4,3,1
"F",1430,3.39,83,3,4,4,0
"M",1160,3.32,78,2,3,4,0
"F",830,3.28,64,4,4,3,1
"M",1170,3.53,56,3,4,4,0
"F",1220,3.62,80,4,4,5,1
"F",1320,3.45,57,3,3,4,0
"F",1450,3.47,72,4,4,3,0
"F",1150,3.59,33,2,4,4,0
"M",870,3.25,68,3,3,3,0
"F",1370,3.45,45,3,4,4,0
"M",1240,3.39,76,4,4,3,1
"M",1250,3.42,92,4,4,4,1
"F",1020,3.48,33,4,4,4,0
"F",1120,3.35,79,4,4,3,0
"M",1090,3.58,56,4,3,3,0
"F",1040,3.56,38,2,3,3,0
"F",1010,3.58,63,2,3,3,0
"M",1260,3.65,72,4,4,4,1
"F",1070,3.6,43,3,3,3,0
"M",840,3.01,58,3,3,3,0
"M",1150,3.64,78,4,4,3,1
"F",1280,3.46,67,3,3,4,0
"M",1180,3.62,64,4,4,3,1
"F",1070,3.36,39,3,4,4,0
"F",1240,3.56,43,4,3,3,0
"F",810,3.43,69,3,4,4,0
"F",1270,3.67,50,4,4,4,0
"M",1090,3.71,73,3,4,3,0
"F",980,2.87,71,3,4,4,0
"M",1100,3.53,96,4,4,4,1
"M",1210,3.58,83,4,5,4,1
"M",1150,3.39,54,2,3,3,0
"M",960,2.91,39,4,4,3,0
"M",890,3.33,55,2,3,3,0
"F",940,2.79,69,2,3,4,0
"M",1260,3.35,59,3,3,3,0
"F",1270,3.5,63,2,3,3,0
"F",1270,3.53,76,3,4,4,0
"F",1360,3.49,46,2,4,4,0
"F",1040,3.42,66,3,3,3,0
"M",1410,3.38,70,2,2,3,0
"M",1260,3.59,91,3,3,3,0
"F",900,3.23,8,2,2,3,0
"M",1340,3.6,54,3,3,3,0
"F",740,3.14,12,3,4,3,0
"F",1020,3.48,53,4,4,3,0
"F",1230,3.67,78,5,3,4,0
"F",1170,3.5,55,2,4,3,0
"M",820,3.25,56,3,3,3,0
"F",1420,3.6,74,3,3,4,0
"M",740,3.26,48,3,4,4,0
"M",1240,3.43,85,2,3,3,0
"M",1150,3.56,63,3,4,3,0
"F",1370,3.57,69,4,4,3,1
"F",1430,3.53,97,3,4,3,0
"M",1320,3.61,72,3,3,3,0
"F",910,2.97,59,4,4,3,0
"F",1240,3.49,70,4,4,4,1
"F",960,2.96,70,4,4,4,1
"M",910,3.26,32,2,3,4,0
"M",1100,3.3,73,3,3,3,0
"F",1170,3.47,82,4,4,4,1
"M",1080,3.58,82,3,3,4,0
"M",860,3.28,63,3,3,3,0
"M",1350,3.31,65,3,4,3,0
"F",910,2.88,60,3,3,3,0
"F",880,2.85,64,4,4,4,0
"M",1080,3.33,72,3,3,3,0
"M",890,2.89,37,3,3,3,0
"M",1190,3.5,96,4,4,3,1
"M",930,3.1,68,4,4,4,1
"M",930,3.1,66,4,4,4,1
"F",1390,3.51,75,3,3,3,0
"F",1170,3.62,32,3,3,3,0
"F",1110,3.49,58,4,3,4,0
"F",1110,3.55,73,3,3,3,0
"F",1140,3.53,59,3,3,3,0
"F",920,3.57,59,2,4,3,0
"M",1190,3.57,49,4,4,3,0
"F",1270,3.59,75,4,3,4,0
"M",440,3.21,52,4,3,3,0
"M",1280,3.37,60,2,4,3,0
"F",1090,3.43,62,4,4,3,1
"M",970,3.07,22,4,3,3,0
"M",1150,3.59,69,3,3,3,0
"M",810,2.99,58,4,4,3,0
"F",920,2.99,57,3,3,3,0
"M",1070,3.28,40,4,4,4,0
"M",740,2.98,50,3,4,3,0
"M",1040,3.24,23,3,5,3,0
"F",1040,3.51,59,3,4,3,0
"M",990,2.88,38,3,4,4,0
"M",790,3.13,45,2,4,2,0
"F",1220,3.5,89,3,3,4,0
"F",1370,3.47,76,4,5,3,1
"M",1280,3.58,39,2,3,4,0
"M",750,2.46,58,3,3,3,0
"M",1260,3.62,77,3,4,3,0
"F",750,2.87,63,4,4,3,0
"M",930,3.3,87,3,4,3,0
"F",1360,3.6,64,4,3,3,0
"F",1070,3.48,50,3,3,3,0
"F",1100,3.5,43,3,3,3,0
"M",1010,3.53,33,4,3,3,0
"F",1220,3.29,72,3,4,3,0
"F",1160,3.4,71,3,4,4,0
"F",1100,3.58,65,2,4,4,0
"M",1180,3.52,45,3,3,4,0
"F",1190,3.37,66,3,3,3,0
"M",1320,3.63,67,4,3,3,0
"F",890,3.13,62,3,4,3,0
"M",1380,3.55,79,3,4,4,1
"F",1020,3.44,41,1,4,4,0
"M",1130,3.5,40,2,3,4,0
"M",1220,3.51,68,2,4,4,0
"M",980,3.21,76,2,4,3,0
"M",1420,3.47,75,2,4,4,0
"F",1180,3.48,24,3,4,4,0
"F",1250,3.49,76,3,3,3,0
"F",940,2.98,49,3,3,4,0
"F",980,3.38,51,4,4,3,0
"F",1250,3.57,21,3,4,3,0
"F",670,3.04,59,4,3,4,0
"M",1090,3.6,49,2,4,3,0
"F",1240,3.56,57,3,4,4,0
"M",980,3.22,62,3,3,3,0
"M",1170,3.67,62,4,4,4,1
"M",910,3.1,51,3,3,3,0
"M",1080,3.56,32,2,3,4,0
"M",1250,3.53,92,4,3,4,0
"F",1050,3.58,51,3,4,3,0
"F",1040,3.49,52,4,4,3,0
"M",790,3.2,66,2,3,4,0
"F",1020,3.57,39,2,4,3,0
"M",890,3.01,81,4,4,3,1
"F",1230,3.7,85,3,3,4,0
"F",980,3.35,55,2,4,4,0
"M",1010,3.48,89,4,4,4,1
"F",1250,3.6,57,2,3,4,0
"F",1040,3.5,73,3,3,3,0
"F",940,3,60,4,3,3,0
"F",1040,3.43,57,4,4,3,0
"M",1120,3.61,70,4,4,3,1
"F",1070,3.55,59,3,2,3,0
"M",1010,3.47,43,3,5,2,0
"M",1210,3.68,46,4,3,3,0
"F",1470,3.31,80,3,4,4,0
"F",1040,3.49,33,3,3,4,0
"M",1510,3.48,74,4,4,4,1
"F",1080,3.49,61,3,3,3,0
"M",1310,3.51,83,5,3,4,0
"F",870,3.67,61,3,2,3,0
"F",970,3.07,45,3,5,4,0
"M",920,3.13,57,3,4,4,0
"M",1140,3.69,9,2,4,3,0
"F",1280,3.29,43,2,3,3,0
"F",960,2.98,65,4,4,4,1
"M",610,3.25,62,4,4,4,1
"F",1300,3.6,73,4,3,3,0
"F",880,3.14,41,2,4,4,0
"F",860,3.23,68,2,4,4,0
"M",1170,3.42,70,3,4,4,0
"F",1290,3.59,50,3,3,3,0
"F",1080,3.46,31,3,3,5,0
"M",1150,3.59,77,3,3,4,0
"M",1360,3.48,57,5,4,3,0
"F",1130,3.44,63,5,4,3,1
"F",740,3.24,53,4,3,3,0
"M",1150,3.38,38,2,4,4,0
"M",900,2.95,54,3,3,4,0
"F",1140,3.4,77,4,4,4,1
"F",1120,3.46,76,3,3,3,0
"M",1170,3.5,75,4,3,3,0
"F",1050,3.55,47,2,4,4,0
"F",1030,3.49,31,3,3,3,0
"M",1020,3.62,69,3,2,3,0
"M",980,3.27,61,4,4,3,1
"F",1430,3.38,60,3,3,4,0
"F",1350,3.56,52,2,4,3,0
"M",870,2.86,31,3,3,4,0
"M",1160,3.59,70,2,4,3,0
"M",1090,3.55,41,3,3,4,0
"M",1280,3.49,48,3,4,4,0
"M",1270,3.45,18,4,3,3,0
"M",870,3.13,68,4,4,3,0
"M",1330,3.36,37,3,2,4,0
"F",910,3.28,63,3,4,3,0
"M",1080,3.35,50,4,4,3,0
"M",1330,3.57,90,4,4,3,1
"M",1370,3.47,96,3,3,4,0
"F",1490,3.35,98,2,4,3,0
"F",1080,3.55,52,2,3,3,0
"M",670,2.78,68,3,3,4,0
"F",880,3.01,95,3,3,4,0
"M",1020,3.58,56,4,4,3,0
"M",630,3.02,49,3,3,2,0
"F",1320,3.28,79,4,3,3,0
"F",1200,3.68,75,4,3,3,0
"M",660,2.69,68,4,3,3,0
"M",1110,3.62,47,2,3,3,0
"F",1210,3.37,82,2,4,4,0
"M",1120,3.42,26,3,3,3,0
"M",1000,3.06,81,4,4,4,1
"F",1240,3.52,40,4,4,3,0
"F",1250,3.54,85,4,4,4,1
"M",1130,3.38,81,4,4,4,1
"F",1130,3.44,58,4,3,3,0
"F",1300,3.81,81,4,4,4,1
"F",920,3.38,48,4,2,3,0
"F",890,2.82,37,4,4,4,1
"F",1080,3.59,80,2,4,3,0
"F",1210,3.64,61,4,4,4,1
"F",1340,3.42,48,4,4,4,1
"M",1130,3.47,78,4,4,3,1
"F",1210,3.36,57,3,3,4,0
"M",1090,3.54,62,4,4,3,1
"F",1040,3.49,61,3,4,3,0
"F",1210,3.73,79,3,4,3,1
"F",1380,3.47,29,4,4,3,0
"M",1070,3.5,75,2,2,3,0
"F",550,2.88,34,2,4,3,0
"M",1250,3.41,65,4,3,4,0
"F",1020,3.52,59,4,3,3,0
"M",820,3.02,57,2,4,4,0
"F",1220,3.42,60,4,3,4,0
"M",850,3.09,60,3,3,3,0
"M",1120,3.4,61,3,3,4,0
"F",1090,3.49,61,3,4,4,0
"F",1080,3.41,33,4,3,4,0
"M",1200,3.41,76,4,4,4,1
"M",680,3.12,29,3,4,3,0
"M",1570,3.55,76,4,4,3,1
"F",1080,3.61,50,4,4,3,0
"M",950,3.14,58,4,3,4,0
"F",910,3.04,66,3,3,3,0
"F",1190,3.59,75,4,4,4,1
"M",810,3.57,35,2,4,3,0
"M",820,3.01,81,3,4,4,0
"M",880,2.83,58,1,3,4,0
"M",1340,3.5,80,4,4,4,1
"F",1300,3.51,56,3,3,4,0
"F",1110,3.42,82,3,3,3,0
"F",1190,3.53,54,2,3,3,0
"F",1100,3.6,61,3,4,4,0
"F",1480,3.4,86,4,4,4,1
"F",1320,3.6,78,4,4,4,1
"M",1370,3.54,51,2,3,4,0
"F",1140,3.36,71,4,4,4,1
"M",1230,3.52,48,2,3,3,0
"M",810,2.79,54,3,3,3,0
"F",1340,3.63,53,3,3,3,0
"M",1010,3.49,34,5,3,4,0
"M",1000,3.06,77,3,2,4,0
"F",1100,3.34,51,3,3,3,0
"M",1060,3.66,40,3,3,4,0
"M",950,2.99,84,4,4,3,0
"F",1190,3.42,52,3,4,4,0
"F",950,3.31,41,3,4,3,0
"M",940,3.06,62,3,3,3,0
"M",1000,3.12,55,2,4,3,0
"M",900,2.78,58,3,3,3,0
"M",1080,3.4,79,3,2,3,0
"F",1030,3.44,69,4,3,4,0
"M",990,3.05,76,4,5,4,1
"M",1140,3.4,55,3,3,3,0
"M",690,3.05,49,3,3,3,0
"F",1100,3.52,60,4,4,4,1
"M",1230,3.53,46,3,2,3,0
"M",1230,3.46,49,4,3,3,0
"M",1280,3.58,71,4,4,3,1
"M",1500,3.54,41,4,4,4,0
"M",1190,3.37,97,3,3,3,0
"F",920,2.82,27,4,3,3,0
"F",1330,3.57,74,3,3,3,0
"M",850,2.92,47,4,4,3,1
"F",1120,3.37,66,3,4,3,0
"M",1130,3.49,74,3,4,4,1
"F",1320,3.47,83,4,3,3,0
"M",1490,3.42,82,3,4,4,0
"F",710,2.93,53,3,4,4,0
"M",1290,3.61,42,3,3,3,0
"F",840,3.27,60,3,3,4,0
"F",1440,3.5,81,3,4,3,0
"M",1300,3.55,72,2,3,3,0
"M",1140,3.5,52,3,3,3,0
"M",980,3.21,65,4,4,4,1
"M",570,3.24,59,4,3,4,0
"F",1300,3.41,76,3,2,3,0
"M",1310,3.56,82,4,4,4,1
"F",1100,3.42,59,4,2,3,0
"M",1380,3.58,71,4,4,3,1
"F",830,3.38,65,4,4,3,1
"F",1310,3.74,77,3,3,3,0
"F",1230,3.53,50,3,4,3,0
"M",560,3.04,66,4,4,3,1
"M",1020,3.57,44,2,4,4,0
"F",840,3.34,55,4,2,3,0
"F",1280,3.54,64,3,3,3,0
"M",900,3.05,37,3,3,3,0
"M",1240,3.63,42,3,3,4,0
"F",960,3.33,59,3,4,3,0
"F",1080,3.38,66,3,4,4,0
"F",1340,3.4,62,4,4,4,1
"M",910,2.85,60,4,4,4,1
"F",1410,3.51,60,2,3,3,0
"F",1250,3.49,50,3,3,3,0
"F",1340,3.38,76,4,4,3,1
"M",1310,3.32,72,2,3,4,0
"M",600,2.98,65,4,5,3,0
"F",1020,3.45,43,3,3,3,0
"F",760,3.28,29,3,4,4,0
"M",1200,3.66,44,2,4,3,0
"M",1290,3.72,54,4,3,3,0
"M",930,3.43,54,3,3,3,0
"M",950,3.09,60,4,4,4,1
"M",730,3.03,52,2,3,4,0
"M",1210,3.58,43,3,3,4,0
"M",1340,3.34,45,3,4,3,0
"F",710,3.23,46,3,3,3,0
"M",690,3.08,53,3,3,3,0
"F",1350,3.57,70,3,3,4,0
"M",1280,3.45,57,4,3,3,0
"F",1320,3.51,46,3,3,4,0
"M",1120,3.57,74,3,4,4,0
"M",1280,3.67,76,2,3,3,0
"F",1100,3.51,44,3,3,3,0
"M",1360,3.43,95,4,4,3,1
"F",930,3.1,62,3,3,3,0
"F",1260,3.58,75,4,4,5,1
"M",1400,3.58,82,4,4,3,1
"F",1120,3.59,50,4,5,4,0
"M",960,3.15,54,2,3,4,0
"F",1460,3.61,53,3,4,4,0
"F",960,3.32,62,2,3,3,0
"M",420,2.89,61,3,4,3,0
"M",1150,3.53,56,3,4,3,0
"F",800,3.01,50,5,3,3,0
"F",1210,3.41,69,3,4,3,0
"F",740,3.22,52,3,4,3,0
"M",1190,3.51,79,4,4,4,1
"F",1000,2.67,58,4,4,4,0
"F",1130,3.32,57,4,4,4,0
"F",1010,3.62,61,4,3,4,0
"M",660,3.36,56,3,3,3,0
"F",760,2.97,64,4,3,3,0
"M",1280,3.55,70,4,3,4,0
"M",880,2.89,69,4,4,3,1
"F",1370,3.57,52,4,4,3,0
"F",1020,3.52,41,3,3,3,0
"F",1310,3.26,61,3,4,3,0
"F",1090,3.44,49,4,4,4,0
"F",950,3.13,50,2,4,4,0
"F",1280,3.59,58,3,4,3,0
"M",820,3.55,35,3,3,4,0
"F",1350,3.47,47,5,3,3,0
"F",1230,3.58,52,4,3,3,0
"M",1250,3.41,74,3,4,4,0
"M",1120,3.53,43,3,3,3,0
"M",1090,3.45,87,3,3,3,0
"F",1430,3.44,73,3,3,4,0
"F",1080,3.48,78,3,3,3,0
"F",1450,3.67,74,3,4,3,0
"M",1090,3.52,71,4,4,3,1
"M",1100,3.52,80,4,4,4,1
"F",1160,3.66,29,3,3,3,0
"M",1090,3.47,53,1,4,4,0
"F",1380,3.55,71,3,3,3,0
"F",1240,3.43,78,4,4,3,0
"M",970,2.97,74,4,4,3,1
"M",960,2.8,63,4,3,3,0
"M",980,3.07,52,4,3,4,0
"F",1480,3.58,94,4,4,3,0
"F",880,3.33,76,4,4,3,1
"F",1150,3.37,70,4,4,4,1
"F",930,3.04,50,4,3,4,0
"F",1300,3.49,57,3,4,3,0
"F",1170,3.61,58,3,4,3,0
"M",1030,3.63,62,4,4,3,1
"M",820,3.22,51,2,4,3,0
"F",1110,3.49,62,4,3,4,0
"F",1020,3.26,96,4,4,4,1
"M",850,3.33,67,2,3,3,0
"M",880,2.76,14,3,4,3,0
"M",1460,3.66,67,3,3,3,0
"F",1160,3.44,83,3,4,3,0
"F",770,3.22,62,4,3,3,0
"F",870,3,56,2,3,4,0
"F",930,3.09,55,4,5,3,0
"F",1260,3.57,90,4,4,3,1
"F",1200,3.33,72,3,4,3,0
"F",930,3.55,55,3,3,3,0
"F",1160,3.46,82,3,3,3,0
"F",820,3.15,53,3,3,3,0
"F",1010,3.66,43,3,3,3,0
"F",1230,3.53,74,3,4,3,0
"F",840,3.26,66,3,4,4,0
"F",1320,3.53,69,2,4,3,0
"F",1070,3.59,51,4,3,3,0
"F",1220,3.36,55,5,4,4,0
"F",1290,3.5,79,4,4,3,0
"M",1120,3.55,79,3,3,4,0
"M",770,2.9,19,3,3,3,0
"M",1050,3.61,58,4,3,4,0
"F",1160,3.42,53,4,3,3,0
"F",940,3.19,85,4,3,4,0
"M",1070,3.52,64,3,4,3,0
"F",1050,3.57,41,4,4,3,0
"F",840,3.08,62,4,4,4,1
"F",920,3.05,57,4,3,4,0
"F",970,3.21,36,4,4,3,1
"F",890,2.8,50,3,3,3,0
"F",1200,3.87,30,3,3,3,0
"M",1110,3.66,85,4,4,3,1
"M",1400,3.26,38,3,3,3,0
"M",1310,3.5,44,2,4,3,0
"M",1130,3.52,69,2,4,3,0
"M",960,3.38,73,3,3,3,0
"F",1030,3.58,65,4,4,4,1
"F",1170,3.43,68,3,3,3,0
"F",1350,3.6,81,3,3,3,0
"F",890,3.56,59,4,3,4,0
"M",1100,3.43,68,2,3,3,0
"M",1080,3.49,68,3,3,3,0
"F",1530,3.56,94,4,4,3,1
"F",580,3.01,69,3,4,4,0
"M",1430,3.44,46,3,4,3,0
"M",780,3.2,64,4,3,3,0
"M",520,3.51,65,4,4,4,0
"F",1050,3.51,61,4,3,3,0
"F",1070,3.66,48,4,3,3,0
"F",1050,3.45,69,4,4,4,1
"F",1080,3.38,41,4,4,4,0
"F",810,2.92,61,4,3,4,0
"F",1170,3.57,59,2,3,3,0
"M",1080,3.42,71,3,3,4,0
"F",1330,3.47,51,4,4,3,0
"F",1120,3.55,88,4,4,4,1
"M",880,3.11,61,4,4,4,1
"M",1110,3.55,59,3,3,4,0
"M",1120,3.62,79,4,4,4,1
"F",1370,3.43,81,3,3,3,0
"M",1000,3.56,80,4,3,3,0
"M",1250,3.47,82,3,4,3,0
"F",1040,3.43,62,4,3,4,0
"F",1320,3.48,94,3,4,3,0
"M",1370,3.7,90,3,3,4,0
"M",1250,3.49,59,4,4,4,0
"F",1110,3.5,69,2,4,3,0
"F",1440,3.55,54,4,4,4,0
"F",980,2.91,59,3,4,3,0
"M",1350,3.38,33,4,4,4,0
"F",960,3.29,43,3,3,4,0
"F",1000,3.19,56,4,3,3,0
"F",980,3.03,67,3,3,4,0
"M",1110,3.6,57,4,3,3,0
"F",1140,3.49,46,3,4,3,0
"M",1290,3.43,84,3,4,4,0
"M",1080,3.54,52,4,4,4,0
"F",1320,3.48,83,3,3,3,0
"M",1170,3.48,58,2,3,3,0
"F",890,3.17,48,3,3,3,0
"F",1000,3.03,40,3,4,3,0
"M",1080,3.49,70,3,4,4,1
"M",1240,3.65,78,4,4,4,1
"M",1180,3.44,62,4,4,4,1
"M",1160,3.6,99,4,4,4,1
"F",1050,3.52,94,3,3,3,0
"M",1070,3.47,73,5,3,3,0
"F",1260,3.44,61,2,4,4,0
"F",1390,3.46,71,4,4,3,1
"F",1120,3.47,51,2,3,3,0
"F",1190,3.61,65,3,4,3,0
"M",1050,3.42,92,4,3,3,0
"F",1220,3.66,50,4,4,3,0
"F",1170,3.48,58,2,3,4,0
"M",1010,3.43,56,2,3,3,0
"F",1020,3.43,55,3,4,4,0
"M",1170,3.52,52,2,3,3,0
"M",960,3.25,43,3,5,3,0
"M",1020,3.67,36,3,4,3,0
"M",1190,3.48,70,2,3,4,0
"M",1400,3.49,76,3,4,3,0
"F",1300,3.52,70,3,4,3,0
"F",1030,3.51,68,4,3,4,0
"F",730,3,40,3,3,4,0
"F",1350,3.43,81,3,3,3,0
"M",1120,3.6,79,4,4,4,1
"F",1300,3.38,83,4,4,4,1
"F",1160,3.4,56,3,3,3,0
"F",1040,3.46,38,4,3,4,0
"M",1230,3.47,83,4,4,5,1
"M",1410,3.61,41,3,3,4,0
"F",1010,3.44,56,3,4,4,0
"M",920,2.75,84,3,3,3,0
"M",1170,3.48,58,3,3,3,0
"M",1160,3.47,52,2,3,3,0
"M",1160,3.66,76,4,4,4,1
"F",1210,3.64,45,4,3,3,0
"M",1130,3.39,49,4,4,3,0
"M",1040,3.54,73,4,4,4,1
"M",1010,3.37,61,5,4,4,0
"F",1160,3.42,60,4,4,3,1
"M",1100,3.44,21,2,3,3,0
"M",1190,3.42,75,2,3,3,0
"F",1560,3.52,73,3,3,3,0
"F",1100,3.47,28,3,4,3,0
"M",1190,3.53,56,4,4,4,0
"F",1200,3.62,58,2,3,4,0
"M",1050,3.62,26,4,4,3,1
"F",970,3.26,40,3,3,3,0
"M",1320,3.29,59,3,4,3,0
"M",1060,3.47,50,4,4,3,0
"M",970,3.33,83,4,3,4,0
"M",860,3.12,31,3,3,3,0
"M",1100,3.55,43,2,4,4,0
"M",1270,3.62,89,4,4,3,1
"F",1130,3.44,65,3,3,3,0
"F",820,2.93,37,3,2,3,0
"M",780,3,41,2,3,4,0
"M",1090,3.51,53,4,4,4,0
"F",890,2.84,46,3,3,3,0
"F",1320,3.66,36,2,4,2,0
"F",1140,3.52,80,4,4,4,1
"M",830,2.82,66,3,3,3,0
"M",1380,3.69,74,4,3,3,0
"F",740,3.33,46,4,4,3,0
"F",1040,3.28,58,3,3,4,0
"M",1140,3.7,28,4,4,4,1
"F",1080,3.26,63,4,4,3,1
"M",1030,3.61,68,5,3,3,0
"M",1320,3.61,80,4,4,4,1
"M",1130,3.46,56,3,3,4,0
"M",900,2.69,47,3,3,4,0
"F",1100,3.47,59,3,3,3,0
"M",1240,3.54,80,4,3,4,0
"F",880,3.21,64,4,3,4,0
"M",890,3.02,62,3,4,3,0
"M",1070,3.52,61,3,3,3,0
"M",1130,3.52,61,2,3,3,0
"M",880,2.83,61,3,4,4,0
"F",740,3.05,62,4,3,4,0
"M",840,3.06,35,3,3,3,0
"F",1220,3.63,81,4,4,4,1
"F",650,3.34,65,4,4,4,1
"F",1230,3.52,74,4,4,4,0
"F",1240,3.29,95,3,3,4,0
"F",1080,3.54,64,3,4,3,0
"F",1170,3.47,49,3,3,3,0
"M",1410,3.58,57,4,3,4,0
"M",870,3.58,54,2,4,3,0
"M",960,3.46,27,5,2,3,0
"M",1030,3.41,53,3,4,4,0
"F",1100,3.47,25,2,4,3,0
"M",1340,3.35,82,2,3,3,0
"M",890,3.43,32,2,2,3,0
"M",1270,3.35,74,3,3,3,0
"M",1240,3.33,57,3,4,3,0
"M",970,3.42,61,3,4,4,0
"M",1160,3.5,76,3,3,3,0
"M",1380,3.23,88,5,4,3,1
"F",1250,3.63,58,2,4,4,0
"F",720,3.29,55,4,4,3,0
"M",1020,3.43,69,4,4,4,1
"F",1150,3.5,71,4,4,4,1
"F",1120,3.62,69,3,3,3,0
"F",1450,3.53,84,3,3,3,0
"M",1100,3.54,93,5,3,4,0
"M",950,3.01,58,4,3,4,0
"M",950,3.13,43,2,2,3,0
"F",1360,3.44,88,4,4,4,1
"M",920,2.79,74,4,3,3,0
"F",1070,3.37,49,2,5,4,0
"M",1300,3.56,38,5,3,3,0
"F",850,2.94,67,4,4,4,1
"M",1030,3.48,46,4,4,4,0
"F",950,2.93,57,2,3,4,0
"M",1330,3.5,30,3,4,4,0
"M",1440,3.42,71,4,4,3,0
"F",1430,3.44,98,4,4,4,1
"M",1440,3.27,61,2,3,3,0
"M",1150,3.33,52,5,3,3,0
"M",1060,3.34,64,4,4,3,1
"F",1230,3.48,89,4,4,4,1
"F",1320,3.39,54,4,3,4,0
"F",960,2.88,37,4,3,3,0
"F",1040,3.54,51,3,4,3,0
"M",1260,3.5,39,4,4,3,0
"F",1070,3.45,48,3,4,3,0
"M",950,3.38,57,4,3,4,0
"M",1350,3.34,88,3,3,3,0
"M",930,3.2,72,4,2,4,0
"M",1090,3.43,52,2,2,3,0
"M",960,3.15,56,3,4,4,0
"F",1420,3.59,62,4,4,3,1
"F",970,3.1,51,3,3,3,0
"F",1240,3.55,55,4,4,3,0
"M",1050,3.47,44,3,4,4,0
"M",1320,3.28,60,3,3,4,0
"M",1320,3.45,79,2,4,3,0
"M",1230,3.21,72,3,4,3,0
"F",1240,3.68,65,3,3,3,0
"M",1340,3.5,87,4,4,4,1
"M",1270,3.63,89,3,3,3,0
"M",920,3.3,8,3,4,3,0
"F",1440,3.48,73,3,4,4,0
"M",1110,3.71,61,2,4,3,0
"M",1020,3.41,33,3,4,3,0
"M",1150,3.58,62,4,3,3,1
"M",1040,3.5,50,3,3,4,0
"M",1220,3.57,72,3,4,3,0
"M",1360,3.37,83,4,4,3,1
"M",1140,3.72,58,3,3,4,0
"F",1030,3.53,59,2,3,3,0
"M",1230,3.45,77,4,4,3,1
"F",1240,3.38,63,3,3,3,0
"M",1350,3.35,72,4,4,4,1
"F",1110,3.32,59,4,3,3,0
"F",790,3.28,49,4,3,4,0
"F",1050,3.33,48,2,4,4,0
"M",1070,3.5,76,3,4,3,0
"M",980,2.92,65,2,3,4,0
"M",1340,3.61,89,4,4,4,1
"M",1190,3.54,91,3,3,3,0
"F",1270,3.31,49,4,3,3,0
"F",820,2.7,61,4,3,3,0
"M",1310,3.51,88,4,4,4,1
"F",640,2.86,58,3,3,3,0
"F",1120,3.65,71,4,4,5,1
"M",1140,3.6,59,3,3,3,0
"F",1330,3.68,78,3,3,3,0
"M",1240,3.54,66,4,4,3,1
"F",1140,3.17,58,2,3,3,0
"F",1320,3.56,61,3,3,3,0
"F",1230,3.52,57,3,4,5,0
"F",860,3,61,2,5,3,0
"F",1240,3.33,25,3,4,4,0
"F",930,3.1,49,4,3,3,0
"F",1270,3.49,69,2,4,4,0
"M",1250,3.43,66,2,4,3,0
"M",1040,3.46,69,4,4,4,1
"F",1260,3.55,62,1,4,4,0
"M",1000,3.4,58,3,4,4,0
"F",1250,3.44,38,3,3,3,0
"F",1480,3.43,91,3,4,3,0
"F",590,3.23,55,4,3,4,0
